"country_code","country","region","year","happy_rank","happy_score","gdp_pc","family","health","freedom","trust_gov_corr","generosity","dystopia_res"
578,"Norway","Western Europe",2017,1,7.53700017929077,1.61646318435669,1.53352355957031,0.796666502952576,0.635422587394714,0.315963834524155,0.36201223731041,2.27702665328979
208,"Denmark","Western Europe",2017,2,7.52199983596802,1.48238301277161,1.55112159252167,0.792565524578094,0.626006722450256,0.40077006816864,0.355280488729477,2.31370735168457
352,"Iceland","Western Europe",2017,3,7.50400018692017,1.480633020401,1.6105740070343,0.833552122116089,0.627162635326385,0.153526559472084,0.475540220737457,2.32271528244019
756,"Switzerland","Western Europe",2017,4,7.49399995803833,1.56497955322266,1.51691174507141,0.858131289482117,0.620070576667786,0.367007285356522,0.290549278259277,2.2767162322998
246,"Finland","Western Europe",2017,5,7.4689998626709,1.44357192516327,1.5402467250824,0.80915766954422,0.617950856685638,0.38261154294014,0.24548277258873,2.4301815032959
528,"Netherlands","Western Europe",2017,6,7.3769998550415,1.50394463539124,1.42893922328949,0.810696125030518,0.585384488105774,0.282661825418472,0.470489829778671,2.29480409622192
124,"Canada","North America",2017,7,7.31599998474121,1.47920441627502,1.48134899139404,0.83455765247345,0.611100912094116,0.287371516227722,0.435539722442627,2.18726444244385
554,"New Zealand","Australia and New Zealand",2017,8,7.31400012969971,1.40570604801178,1.54819512367249,0.816759705543518,0.614062130451202,0.382816702127457,0.500005125999451,2.0464563369751
752,"Sweden","Western Europe",2017,9,7.28399991989136,1.49438726902008,1.47816216945648,0.830875158309937,0.612924098968506,0.384398728609085,0.385399252176285,2.09753799438477
36,"Australia","Australia and New Zealand",2017,10,7.28399991989136,1.484414935112,1.51004195213318,0.84388679265976,0.601607382297516,0.301183730363846,0.477699249982834,2.06521081924438
376,"Israel","Middle East and Northern Africa",2017,11,7.21299982070923,1.37538242340088,1.37628996372223,0.83840399980545,0.405988603830338,0.0852421000599861,0.330082654953003,2.80175733566284
188,"Costa Rica","Latin America and Caribbean",2017,12,7.0789999961853,1.10970628261566,1.41640365123749,0.759509265422821,0.580131649971008,0.100106589496136,0.214613229036331,2.89863920211792
40,"Austria","Western Europe",2017,13,7.00600004196167,1.48709726333618,1.4599449634552,0.815328419208527,0.567766189575195,0.221060365438461,0.316472321748734,2.1385064125061
840,"United States","North America",2017,14,6.99300003051758,1.54625928401947,1.41992056369781,0.77428662776947,0.505740523338318,0.135638788342476,0.392578780651093,2.2181134223938
372,"Ireland","Western Europe",2017,15,6.97700023651123,1.53570663928986,1.55823111534119,0.80978262424469,0.573110342025757,0.29838815331459,0.42785832285881,1.77386903762817
276,"Germany","Western Europe",2017,16,6.95100021362305,1.48792338371277,1.47252035140991,0.798950731754303,0.562511384487152,0.276731938123703,0.336269170045853,2.01576995849609
56,"Belgium","Western Europe",2017,17,6.89099979400635,1.46378076076508,1.46231269836426,0.818091869354248,0.539770722389221,0.251343131065369,0.231503337621689,2.12421035766602
442,"Luxembourg","Western Europe",2017,18,6.86299991607666,1.74194359779358,1.45758366584778,0.845089495182037,0.59662789106369,0.31883442401886,0.283180981874466,1.61951208114624
826,"United Kingdom","Western Europe",2017,19,6.71400022506714,1.44163393974304,1.49646008014679,0.805335938930511,0.508190035820007,0.265428066253662,0.492774158716202,1.70414352416992
152,"Chile","Latin America and Caribbean",2017,20,6.65199995040894,1.25278460979462,1.28402495384216,0.819479703903198,0.376895278692245,0.0822879821062088,0.326662421226501,2.50958585739136
784,"United Arab Emirates","Middle East and Northern Africa",2017,21,6.64799976348877,1.62634336948395,1.26641023159027,0.726798236370087,0.60834527015686,0.324489563703537,0.3609419465065,1.734703540802
76,"Brazil","Latin America and Caribbean",2017,22,6.63500022888184,1.10735321044922,1.43130600452423,0.616552352905273,0.437453746795654,0.111092761158943,0.16234989464283,2.76926708221436
203,"Czech Republic","Central and Eastern Europe",2017,23,6.60900020599365,1.35268235206604,1.43388521671295,0.754444003105164,0.490946173667908,0.0368729270994663,0.0881067588925362,2.45186185836792
32,"Argentina","Latin America and Caribbean",2017,24,6.59899997711182,1.18529546260834,1.44045114517212,0.695137083530426,0.494519203901291,0.059739887714386,0.109457060694695,2.61400532722473
484,"Mexico","Latin America and Caribbean",2017,25,6.57800006866455,1.15318381786346,1.210862159729,0.709978997707367,0.412730008363724,0.132774114608765,0.120990432798862,2.83715486526489
702,"Singapore","Southeastern Asia",2017,26,6.57200002670288,1.69227766990662,1.35381436347961,0.949492394924164,0.549840569496155,0.46430778503418,0.345965981483459,1.21636199951172
470,"Malta","Western Europe",2017,27,6.52699995040894,1.34327983856201,1.48841166496277,0.821944236755371,0.588767051696777,0.153066068887711,0.574730575084686,1.55686283111572
858,"Uruguay","Latin America and Caribbean",2017,28,6.4539999961853,1.21755969524384,1.41222786903381,0.719216823577881,0.57939225435257,0.178061872720718,0.175096929073334,2.17240953445435
320,"Guatemala","Latin America and Caribbean",2017,29,6.4539999961853,0.872001945972443,1.25558519363403,0.540239989757538,0.531310617923737,0.0772232785820961,0.283488392829895,2.89389109611511
591,"Panama","Latin America and Caribbean",2017,30,6.4520001411438,1.23374843597412,1.37319254875183,0.706156134605408,0.550026834011078,0.070983923971653,0.21055693924427,2.30719995498657
250,"France","Western Europe",2017,31,6.44199991226196,1.43092346191406,1.38777685165405,0.844465851783752,0.470222115516663,0.172502428293228,0.129762306809425,2.00595474243164
764,"Thailand","Southeastern Asia",2017,32,6.42399978637695,1.12786877155304,1.42579245567322,0.647239029407501,0.580200731754303,0.0316127352416515,0.572123110294342,2.03950834274292
158,"Taiwan","Eastern Asia",2017,33,6.42199993133545,1.43362653255463,1.38456535339355,0.793984234333038,0.361466586589813,0.0638292357325554,0.258360475301743,2.1266074180603
724,"Spain","Western Europe",2017,34,6.40299987792969,1.38439786434174,1.53209090232849,0.888960599899292,0.408781230449677,0.0709140971302986,0.190133571624756,1.92775774002075
634,"Qatar","Middle East and Northern Africa",2017,35,6.375,1.87076568603516,1.27429687976837,0.710098087787628,0.604130983352661,0.439299255609512,0.330473870038986,1.1454644203186
170,"Colombia","Latin America and Caribbean",2017,36,6.35699987411499,1.07062232494354,1.4021829366684,0.595027923583984,0.477487415075302,0.0466687418520451,0.149014472961426,2.61606812477112
682,"Saudi Arabia","Middle East and Northern Africa",2017,37,6.3439998626709,1.53062355518341,1.28667759895325,0.590148329734802,0.449750572443008,0.27343225479126,0.147616013884544,2.0654296875
780,"Trinidad and Tobago","Latin America and Caribbean",2017,38,6.16800022125244,1.36135590076447,1.3802285194397,0.519983291625977,0.518630743026733,0.00896481610834599,0.325296461582184,2.05324745178223
414,"Kuwait","Middle East and Northern Africa",2017,39,6.10500001907349,1.63295245170593,1.25969874858856,0.632105708122253,0.496337592601776,0.215159550309181,0.228289797902107,1.64042520523071
703,"Slovakia","Central and Eastern Europe",2017,40,6.09800004959106,1.32539355754852,1.50505924224854,0.712732911109924,0.295817464590073,0.0242108516395092,0.136544480919838,2.09777665138245
48,"Bahrain","Middle East and Northern Africa",2017,41,6.08699989318848,1.48841226100922,1.32311046123505,0.653133034706116,0.536746919155121,0.257042169570923,0.172668486833572,1.65614938735962
458,"Malaysia","Southeastern Asia",2017,42,6.08400011062622,1.29121541976929,1.28464603424072,0.618784427642822,0.402264982461929,0.0656007081270218,0.416608929634094,2.00444889068604
558,"Nicaragua","Latin America and Caribbean",2017,43,6.07100009918213,0.737299203872681,1.28721570968628,0.653095960617065,0.447551846504211,0.130687981843948,0.301674216985703,2.51393055915833
218,"Ecuador","Latin America and Caribbean",2017,44,6.00799989700317,1.00082039833069,1.28616881370544,0.685636222362518,0.4551981985569,0.140134647488594,0.150112465023994,2.29035258293152
222,"El Salvador","Latin America and Caribbean",2017,45,6.00299978256226,0.909784495830536,1.18212509155273,0.596018552780151,0.432452529668808,0.0899809598922729,0.0782579854130745,2.7145938873291
616,"Poland","Central and Eastern Europe",2017,46,5.97300004959106,1.29178786277771,1.44571197032928,0.699475347995758,0.520342111587524,0.0593078061938286,0.158465966582298,1.79772281646729
860,"Uzbekistan","Central and Eastern Europe",2017,47,5.97100019454956,0.786441087722778,1.54896914958954,0.498272627592087,0.658248662948608,0.246528223156929,0.415983647108078,1.81691360473633
380,"Italy","Western Europe",2017,48,5.96400022506714,1.39506661891937,1.44492328166962,0.853144347667694,0.256450712680817,0.0280280914157629,0.17278964817524,1.81331205368042
643,"Russia","Central and Eastern Europe",2017,49,5.96299982070923,1.28177809715271,1.46928238868713,0.547349333763123,0.373783111572266,0.0329628810286522,0.0522638224065304,2.20560741424561
84,"Belize","Latin America and Caribbean",2017,50,5.95599985122681,0.907975316047668,1.08141779899597,0.450191766023636,0.547509372234344,0.0965810716152191,0.240015640854836,2.63195562362671
392,"Japan","Eastern Asia",2017,51,5.92000007629395,1.41691517829895,1.43633782863617,0.913475871086121,0.505625545978546,0.163760736584663,0.12057276815176,1.36322355270386
440,"Lithuania","Central and Eastern Europe",2017,52,5.90199995040894,1.31458234786987,1.47351610660553,0.62894994020462,0.234231784939766,0.0118656428530812,0.010164656676352,2.22844052314758
12,"Algeria","Middle East and Northern Africa",2017,53,5.87200021743774,1.09186446666718,1.1462174654007,0.617584645748138,0.233335807919502,0.146096110343933,0.0694366469979286,2.56760382652283
428,"Latvia","Central and Eastern Europe",2017,54,5.84999990463257,1.26074862480164,1.40471494197845,0.638566970825195,0.325707912445068,0.0738427266478539,0.153074786067009,1.99365520477295
410,"South Korea","Eastern Asia",2017,55,5.83799982070923,1.40167844295502,1.12827444076538,0.900214076042175,0.257921665906906,0.0632826685905457,0.206674367189407,1.88037800788879
498,"Moldova","Central and Eastern Europe",2017,56,5.83799982070923,0.728870630264282,1.25182557106018,0.589465200901031,0.240729048848152,0.0100912861526012,0.208779126405716,2.80780839920044
642,"Romania","Central and Eastern Europe",2017,57,5.82499980926514,1.21768391132355,1.15009129047394,0.685158312320709,0.457003742456436,0.00438790069893003,0.133519917726517,2.17683148384094
68,"Bolivia","Latin America and Caribbean",2017,58,5.82299995422363,0.833756566047668,1.22761905193329,0.473630249500275,0.558732926845551,0.0604777261614799,0.22556072473526,2.44327902793884
795,"Turkmenistan","Central and Eastern Europe",2017,59,5.82200002670288,1.13077676296234,1.49314916133881,0.437726080417633,0.41827192902565,0.259270340204239,0.24992498755455,1.83290982246399
398,"Kazakhstan","Central and Eastern Europe",2017,60,5.81899976730347,1.28455626964569,1.38436901569366,0.606041550636292,0.437454283237457,0.119282886385918,0.201964423060417,1.78489255905151
196,"North Cyprus","Western Europe",2017,61,5.80999994277954,1.3469113111496,1.18630337715149,0.834647238254547,0.471203625202179,0.155353352427483,0.266845703125,1.54915761947632
705,"Slovenia","Central and Eastern Europe",2017,62,5.75799989700317,1.3412059545517,1.45251882076263,0.790828227996826,0.572575807571411,0.0451289787888527,0.242649093270302,1.31331729888916
604,"Peru","Latin America and Caribbean",2017,63,5.71500015258789,1.03522527217865,1.21877038478851,0.630166113376617,0.450002878904343,0.0470490865409374,0.126819714903831,2.20726943016052
480,"Mauritius","Sub-Saharan Africa",2017,64,5.62900018692017,1.18939554691315,1.20956099033356,0.638007462024689,0.491247326135635,0.0421815551817417,0.360933750867844,1.6975839138031
196,"Cyprus","Western Europe",2017,65,5.62099981307983,1.35593807697296,1.13136327266693,0.84471470117569,0.355111539363861,0.0412379764020443,0.271254301071167,1.62124919891357
233,"Estonia","Central and Eastern Europe",2017,66,5.61100006103516,1.32087934017181,1.47667109966278,0.695168316364288,0.479131430387497,0.183248922228813,0.0988908112049103,1.35750865936279
112,"Belarus","Central and Eastern Europe",2017,67,5.56899976730347,1.15655755996704,1.44494521617889,0.637714266777039,0.295400261878967,0.156313821673393,0.15513750910759,1.72323298454285
434,"Libya","Middle East and Northern Africa",2017,68,5.52500009536743,1.10180306434631,1.35756433010101,0.520169019699097,0.465733230113983,0.0926102101802826,0.152073666453362,1.83501124382019
792,"Turkey","Middle East and Northern Africa",2017,69,5.5,1.19827437400818,1.33775317668915,0.637605607509613,0.300740599632263,0.0996715798974037,0.0466930419206619,1.87927794456482
600,"Paraguay","Latin America and Caribbean",2017,70,5.49300003051758,0.932537317276001,1.50728487968445,0.579250693321228,0.473507791757584,0.091065913438797,0.224150657653809,1.6853334903717
344,"Hong Kong","Eastern Asia",2017,71,5.47200012207031,1.55167484283447,1.26279091835022,0.943062424659729,0.490968644618988,0.293933749198914,0.374465793371201,0.554633140563965
608,"Philippines","Southeastern Asia",2017,72,5.42999982833862,0.85769921541214,1.25391757488251,0.468009054660797,0.585214674472809,0.0993318930268288,0.193513423204422,1.97260475158691
688,"Serbia","Central and Eastern Europe",2017,73,5.39499998092651,1.06931757926941,1.25818979740143,0.65078467130661,0.208715528249741,0.0409037806093693,0.220125883817673,1.94708442687988
400,"Jordan","Middle East and Northern Africa",2017,74,5.33599996566772,0.991012394428253,1.23908889293671,0.604590058326721,0.418421149253845,0.11980327218771,0.172170460224152,1.79117655754089
348,"Hungary","Central and Eastern Europe",2017,75,5.32399988174438,1.2860119342804,1.34313309192657,0.687763452529907,0.175863519310951,0.0366369374096394,0.0784016624093056,1.71645927429199
388,"Jamaica","Latin America and Caribbean",2017,76,5.31099987030029,0.925579309463501,1.36821806430817,0.641022384166718,0.474307239055634,0.0552677810192108,0.233818337321281,1.61232566833496
191,"Croatia","Central and Eastern Europe",2017,77,5.29300022125244,1.22255623340607,0.96798300743103,0.701288521289825,0.255772292613983,0.0431031100451946,0.248002976179123,1.85449242591858
,"Kosovo","Central and Eastern Europe",2017,78,5.27899980545044,0.951484382152557,1.13785350322723,0.541452050209045,0.260287940502167,0.0574716180562973,0.319931447505951,2.01054072380066
156,"China","Eastern Asia",2017,79,5.27299976348877,1.08116579055786,1.16083741188049,0.741415500640869,0.472787708044052,0.0227942746132612,0.0288068410009146,1.76493859291077
586,"Pakistan","Southern Asia",2017,80,5.26900005340576,0.72688353061676,0.672690689563751,0.402047783136368,0.23521526157856,0.124348066747189,0.315446019172668,2.79248929023743
360,"Indonesia","Southeastern Asia",2017,81,5.26200008392334,0.995538592338562,1.27444469928741,0.492345720529556,0.443323463201523,0.0153171354904771,0.611704587936401,1.42947697639465
862,"Venezuela","Latin America and Caribbean",2017,82,5.25,1.12843120098114,1.43133759498596,0.617144227027893,0.153997123241425,0.0644911229610443,0.0650196298956871,1.78946375846863
499,"Montenegro","Central and Eastern Europe",2017,83,5.23699998855591,1.12112903594971,1.23837649822235,0.667464673519135,0.194989055395126,0.0881741940975189,0.197911024093628,1.72919154167175
504,"Morocco","Middle East and Northern Africa",2017,84,5.2350001335144,0.878114581108093,0.774864435195923,0.59771066904068,0.408158332109451,0.0877631828188896,0.0322099551558495,2.45618939399719
31,"Azerbaijan","Central and Eastern Europe",2017,85,5.23400020599365,1.15360176563263,1.15240025520325,0.540775775909424,0.398155838251114,0.180987507104874,0.0452693402767181,1.76248168945312
214,"Dominican Republic","Latin America and Caribbean",2017,86,5.23000001907349,1.07937383651733,1.40241670608521,0.574873745441437,0.55258983373642,0.113945253193378,0.186967849731445,1.31946516036987
300,"Greece","Western Europe",2017,87,5.22700023651123,1.28948748111725,1.23941457271576,0.810198903083801,0.0957312509417534,0.04328977689147,0,1.74922156333923
422,"Lebanon","Middle East and Northern Africa",2017,88,5.22499990463257,1.07498753070831,1.12962424755096,0.735081076622009,0.288515985012054,0.037513829767704,0.264450758695602,1.69507384300232
620,"Portugal","Western Europe",2017,89,5.19500017166138,1.3151752948761,1.36704301834106,0.795843541622162,0.498465299606323,0.0158694516867399,0.0951027125120163,1.10768270492554
70,"Bosnia and Herzegovina","Central and Eastern Europe",2017,90,5.18200016021729,0.982409417629242,1.0693359375,0.705186307430267,0.204403176903725,0,0.328867495059967,1.89217257499695
340,"Honduras","Latin America and Caribbean",2017,91,5.18100023269653,0.730573117733002,1.14394497871399,0.582569479942322,0.348079860210419,0.0733454525470734,0.236188873648643,2.06581115722656
807,"Macedonia","Central and Eastern Europe",2017,92,5.17500019073486,1.06457793712616,1.20789301395416,0.644948184490204,0.325905978679657,0.0602777935564518,0.25376096367836,1.6174693107605
706,"Somalia","Sub-Saharan Africa",2017,93,5.15100002288818,0.0226431842893362,0.721151351928711,0.113989137113094,0.602126955986023,0.282410323619843,0.291631311178207,3.11748456954956
704,"Vietnam","Southeastern Asia",2017,94,5.07399988174438,0.788547575473785,1.27749133110046,0.652168989181519,0.571055591106415,0.0876332372426987,0.234968051314354,1.46231865882874
566,"Nigeria","Sub-Saharan Africa",2017,95,5.07399988174438,0.783756256103516,1.21577048301697,0.0569157302379608,0.394952565431595,0.0261215660721064,0.230947196483612,2.36539053916931
762,"Tajikistan","Central and Eastern Europe",2017,96,5.04099988937378,0.524713635444641,1.27146327495575,0.529235124588013,0.471566706895828,0.146377146244049,0.248997643589973,1.84904932975769
64,"Bhutan","Southern Asia",2017,97,5.01100015640259,0.885416388511658,1.34012651443481,0.495879292488098,0.501537680625916,0.173380389809608,0.474054545164108,1.14018440246582
417,"Kyrgyzstan","Central and Eastern Europe",2017,98,5.00400018692017,0.596220076084137,1.39423859119415,0.553457796573639,0.454943388700485,0.0394391790032387,0.42858037352562,1.53672313690186
524,"Nepal","Southern Asia",2017,99,4.96199989318848,0.479820191860199,1.17928326129913,0.504130780696869,0.440305948257446,0.0729755461215973,0.394096165895462,1.8912410736084
496,"Mongolia","Eastern Asia",2017,100,4.95499992370605,1.02723586559296,1.4930112361908,0.557783484458923,0.394143968820572,0.0329022891819477,0.338464230298996,1.11129236221313
710,"South Africa","Sub-Saharan Africa",2017,101,4.8289999961853,1.05469870567322,1.38478863239288,0.187080070376396,0.479246735572815,0.0725094974040985,0.139362379908562,1.51090860366821
788,"Tunisia","Middle East and Northern Africa",2017,102,4.80499982833862,1.00726580619812,0.868351459503174,0.613212049007416,0.289680689573288,0.0867231488227844,0.0496933571994305,1.89025115966797
275,"Palestinian Territories","Middle East and Northern Africa",2017,103,4.77500009536743,0.716249227523804,1.15564715862274,0.565666973590851,0.25471106171608,0.0892826020717621,0.114173173904419,1.8788902759552
818,"Egypt","Middle East and Northern Africa",2017,104,4.7350001335144,0.989701807498932,0.997471392154694,0.520187258720398,0.282110154628754,0.114381365478039,0.128631442785263,1.70216107368469
100,"Bulgaria","Central and Eastern Europe",2017,105,4.71400022506714,1.1614590883255,1.43437945842743,0.708217680454254,0.289231717586517,0.0110515309497714,0.113177694380283,0.996139287948608
694,"Sierra Leone","Sub-Saharan Africa",2017,106,4.70900011062622,0.36842092871666,0.984136044979095,0.00556475389748812,0.318697690963745,0.0710951760411263,0.293040901422501,2.66845989227295
120,"Cameroon","Sub-Saharan Africa",2017,107,4.69500017166138,0.564305365085602,0.946018218994141,0.132892116904259,0.430388748645782,0.0513066314160824,0.236298456788063,2.3336455821991
364,"Iran","Middle East and Northern Africa",2017,108,4.69199991226196,1.15687310695648,0.711551249027252,0.639333188533783,0.249322608113289,0.048761073499918,0.387242913246155,1.49873495101929
8,"Albania","Central and Eastern Europe",2017,109,4.64400005340576,0.996192753314972,0.803685247898102,0.731159746646881,0.381498634815216,0.0398642159998417,0.201312944293022,1.49044156074524
50,"Bangladesh","Southern Asia",2017,110,4.60799980163574,0.586682975292206,0.735131740570068,0.533241033554077,0.478356659412384,0.123717859387398,0.172255352139473,1.97873616218567
516,"Namibia","Sub-Saharan Africa",2017,111,4.57399988174438,0.964434325695038,1.0984708070755,0.33861181139946,0.520303547382355,0.0931469723582268,0.0771337449550629,1.4818902015686
404,"Kenya","Sub-Saharan Africa",2017,112,4.55299997329712,0.560479462146759,1.06795072555542,0.309988349676132,0.452763766050339,0.0646413192152977,0.444860309362411,1.6519021987915
508,"Mozambique","Sub-Saharan Africa",2017,113,4.55000019073486,0.234305649995804,0.870701014995575,0.106654435396194,0.480791091918945,0.179436385631561,0.322228103876114,2.35565090179443
104,"Myanmar","Southeastern Asia",2017,114,4.54500007629395,0.367110550403595,1.12323594093323,0.397522568702698,0.514492034912109,0.188816204667091,0.838075160980225,1.11529040336609
686,"Senegal","Sub-Saharan Africa",2017,115,4.53499984741211,0.479309022426605,1.17969191074371,0.409362852573395,0.377922266721725,0.115460447967052,0.183468893170357,1.78964614868164
894,"Zambia","Sub-Saharan Africa",2017,116,4.51399993896484,0.636406779289246,1.00318729877472,0.257835894823074,0.461603492498398,0.0782135501503944,0.249580144882202,1.82670545578003
368,"Iraq","Middle East and Northern Africa",2017,117,4.49700021743774,1.10271048545837,0.978613197803497,0.501180469989777,0.288555532693863,0.107215754687786,0.19963726401329,1.31890726089478
266,"Gabon","Sub-Saharan Africa",2017,118,4.46500015258789,1.1982102394104,1.1556202173233,0.356578588485718,0.312328577041626,0.0760467872023582,0.0437853783369064,1.32291626930237
231,"Ethiopia","Sub-Saharan Africa",2017,119,4.46000003814697,0.339233845472336,0.86466920375824,0.353409707546234,0.408842742443085,0.165455713868141,0.312650740146637,2.01574373245239
144,"Sri Lanka","Southern Asia",2017,120,4.44000005722046,1.00985014438629,1.25997638702393,0.625130832195282,0.561213254928589,0.0736539661884308,0.490863561630249,0.419389247894287
51,"Armenia","Central and Eastern Europe",2017,121,4.37599992752075,0.900596737861633,1.00748372077942,0.637524425983429,0.198303267359734,0.0266744215041399,0.0834880918264389,1.5214991569519
356,"India","Southern Asia",2017,122,4.31500005722046,0.792221248149872,0.754372596740723,0.455427616834641,0.469987004995346,0.0922268852591515,0.231538489460945,1.5191171169281
478,"Mauritania","Sub-Saharan Africa",2017,123,4.29199981689453,0.648457288742065,1.2720308303833,0.285349279642105,0.0960980430245399,0.136957004666328,0.201870024204254,1.65163731575012
178,"Congo (Brazzaville)","Sub-Saharan Africa",2017,124,4.29099988937378,0.808964252471924,0.832044363021851,0.28995743393898,0.435025870800018,0.0796181336045265,0.120852127671242,1.72413563728333
268,"Georgia","Central and Eastern Europe",2017,125,4.28599977493286,0.950612664222717,0.57061493396759,0.649546980857849,0.309410035610199,0.251666635274887,0.0540088154375553,1.50013780593872
180,"Congo (Kinshasa)","Sub-Saharan Africa",2017,126,4.28000020980835,0.0921023488044739,1.22902345657349,0.191407024860382,0.235961347818375,0.0602413564920425,0.246455833315849,2.22495865821838
466,"Mali","Sub-Saharan Africa",2017,127,4.19000005722046,0.476180493831635,1.28147339820862,0.169365674257278,0.306613743305206,0.104970246553421,0.183354198932648,1.66819095611572
384,"Ivory Coast","Sub-Saharan Africa",2017,128,4.17999982833862,0.603048920631409,0.904780030250549,0.0486421696841717,0.447706192731857,0.130061775445938,0.201237469911575,1.84496426582336
116,"Cambodia","Southeastern Asia",2017,129,4.16800022125244,0.601765096187592,1.00623834133148,0.429783403873444,0.633375823497772,0.0681059509515762,0.385922968387604,1.04294109344482
729,"Sudan","Sub-Saharan Africa",2017,130,4.13899993896484,0.65951669216156,1.21400856971741,0.290920823812485,0.0149958552792668,0.089847519993782,0.182317450642586,1.68706583976746
288,"Ghana","Sub-Saharan Africa",2017,131,4.11999988555908,0.667224824428558,0.873664736747742,0.295637726783752,0.423026293516159,0.0253363698720932,0.256923943758011,1.57786750793457
804,"Ukraine","Central and Eastern Europe",2017,132,4.09600019454956,0.89465194940567,1.39453756809235,0.575903952121735,0.122974775731564,0.0230294708162546,0.270061463117599,0.814382314682007
800,"Uganda","Sub-Saharan Africa",2017,133,4.08099985122681,0.381430715322495,1.12982773780823,0.217632606625557,0.443185955286026,0.057069718837738,0.325766056776047,1.526362657547
854,"Burkina Faso","Sub-Saharan Africa",2017,134,4.03200006484985,0.3502277135849,1.04328000545502,0.215844258666039,0.324367851018906,0.120328105986118,0.250864684581757,1.72721290588379
562,"Niger","Sub-Saharan Africa",2017,135,4.02799987792969,0.161925330758095,0.993025004863739,0.26850500702858,0.36365869641304,0.138572946190834,0.228673845529556,1.87398338317871
454,"Malawi","Sub-Saharan Africa",2017,136,3.97000002861023,0.233442038297653,0.512568831443787,0.315089583396912,0.466914653778076,0.0727116540074348,0.287170469760895,2.08178615570068
148,"Chad","Sub-Saharan Africa",2017,137,3.93600010871887,0.438012987375259,0.953855872154236,0.0411347150802612,0.16234202682972,0.0535818822681904,0.216113850474358,2.07123804092407
716,"Zimbabwe","Sub-Saharan Africa",2017,138,3.875,0.375846534967422,1.08309590816498,0.196763753890991,0.336384207010269,0.0953753814101219,0.189143493771553,1.59797024726868
426,"Lesotho","Sub-Saharan Africa",2017,139,3.80800008773804,0.521021246910095,1.19009518623352,0,0.390661299228668,0.119094640016556,0.157497271895409,1.42983531951904
24,"Angola","Sub-Saharan Africa",2017,140,3.79500007629395,0.858428180217743,1.10441195964813,0.0498686656355858,0,0.0697203353047371,0.097926490008831,1.61448240280151
4,"Afghanistan","Southern Asia",2017,141,3.79399991035461,0.401477217674255,0.581543326377869,0.180746778845787,0.106179520487785,0.0611578300595284,0.311870932579041,2.15080118179321
72,"Botswana","Sub-Saharan Africa",2017,142,3.76600003242493,1.12209415435791,1.22155499458313,0.341755509376526,0.505196332931519,0.0985831990838051,0.0993484482169151,0.3779137134552
204,"Benin","Sub-Saharan Africa",2017,143,3.65700006484985,0.431085407733917,0.435299843549728,0.209930211305618,0.425962775945663,0.0609290152788162,0.207948461174965,1.88563096523285
450,"Madagascar","Sub-Saharan Africa",2017,144,3.64400005340576,0.305808693170547,0.913020372390747,0.375223308801651,0.189196765422821,0.0672319754958153,0.208732530474663,1.58461260795593
332,"Haiti","Latin America and Caribbean",2017,145,3.6029999256134,0.368610262870789,0.640449821949005,0.277321130037308,0.0303698573261499,0.0998721495270729,0.489203780889511,1.69716763496399
887,"Yemen","Middle East and Northern Africa",2017,146,3.59299993515015,0.591683447360992,0.93538224697113,0.310080915689468,0.249463722109795,0.0567674227058887,0.104125209152699,1.34560060501099
728,"South Sudan","Sub-Saharan Africa",2017,147,3.59100008010864,0.39724862575531,0.601323127746582,0.163486003875732,0.147062435746193,0.116793513298035,0.285670816898346,1.87956738471985
430,"Liberia","Sub-Saharan Africa",2017,148,3.53299999237061,0.119041793048382,0.872117936611176,0.229918196797371,0.332881182432175,0.0389482490718365,0.26654988527298,1.67328596115112
324,"Guinea","Sub-Saharan Africa",2017,149,3.50699996948242,0.244549930095673,0.791244685649872,0.194129139184952,0.348587512969971,0.110937617719173,0.264815092086792,1.55231189727783
768,"Togo","Sub-Saharan Africa",2017,150,3.49499988555908,0.305444717407227,0.431882530450821,0.247105568647385,0.38042613863945,0.0956650152802467,0.196896150708199,1.83722925186157
646,"Rwanda","Sub-Saharan Africa",2017,151,3.47099995613098,0.368745893239975,0.945707023143768,0.326424807310104,0.581843852996826,0.455220013856888,0.252756029367447,0.540061235427856
760,"Syria","Middle East and Northern Africa",2017,152,3.46199989318848,0.777153134346008,0.396102607250214,0.50053334236145,0.0815394446253777,0.151347130537033,0.493663728237152,1.06157350540161
834,"Tanzania","Sub-Saharan Africa",2017,153,3.34899997711182,0.511135876178741,1.04198980331421,0.364509284496307,0.390017777681351,0.0660351067781448,0.354256361722946,0.621130466461182
108,"Burundi","Sub-Saharan Africa",2017,154,2.90499997138977,0.091622568666935,0.629793584346771,0.151610791683197,0.0599007532000542,0.0841479450464249,0.204435184597969,1.68302416801453
140,"Central African Republic","Sub-Saharan Africa",2017,155,2.69300007820129,0,0,0.0187726859003305,0.270842045545578,0.0565650761127472,0.280876487493515,2.06600475311279
208,"Denmark","Western Europe",2016,1,7.526,1.44178,1.16374,0.79504,0.57941,0.44453,0.36171,2.73939
756,"Switzerland","Western Europe",2016,2,7.509,1.52733,1.14524,0.86303,0.58557,0.41203,0.28083,2.69463
352,"Iceland","Western Europe",2016,3,7.501,1.42666,1.18326,0.86733,0.56624,0.14975,0.47678,2.83137
578,"Norway","Western Europe",2016,4,7.498,1.57744,1.1269,0.79579,0.59609,0.35776,0.37895,2.66465
246,"Finland","Western Europe",2016,5,7.413,1.40598,1.13464,0.81091,0.57104,0.41004,0.25492,2.82596
124,"Canada","North America",2016,6,7.404,1.44015,1.0961,0.8276,0.5737,0.31329,0.44834,2.70485
528,"Netherlands","Western Europe",2016,7,7.339,1.46468,1.02912,0.81231,0.55211,0.29927,0.47416,2.70749
554,"New Zealand","Australia and New Zealand",2016,8,7.334,1.36066,1.17278,0.83096,0.58147,0.41904,0.49401,2.47553
36,"Australia","Australia and New Zealand",2016,9,7.313,1.44443,1.10476,0.8512,0.56837,0.32331,0.47407,2.5465
752,"Sweden","Western Europe",2016,10,7.291,1.45181,1.08764,0.83121,0.58218,0.40867,0.38254,2.54734
376,"Israel","Middle East and Northern Africa",2016,11,7.267,1.33766,0.99537,0.84917,0.36432,0.08728,0.32288,3.31029
40,"Austria","Western Europe",2016,12,7.119,1.45038,1.08383,0.80565,0.54355,0.21348,0.32865,2.69343
840,"United States","North America",2016,13,7.104,1.50796,1.04782,0.779,0.48163,0.14868,0.41077,2.72782
188,"Costa Rica","Latin America and Caribbean",2016,14,7.087,1.06879,1.02152,0.76146,0.55225,0.10547,0.22553,3.35168
630,"Puerto Rico","Latin America and Caribbean",2016,15,7.039,1.35943,1.08113,0.77758,0.46823,0.12275,0.22202,3.0076
276,"Germany","Western Europe",2016,16,6.994,1.44787,1.09774,0.81487,0.53466,0.28551,0.30452,2.50931
76,"Brazil","Latin America and Caribbean",2016,17,6.952,1.08754,1.03938,0.61415,0.40425,0.14166,0.15776,3.50733
56,"Belgium","Western Europe",2016,18,6.929,1.42539,1.05249,0.81959,0.51354,0.26248,0.2424,2.61355
372,"Ireland","Western Europe",2016,19,6.907,1.48341,1.16157,0.81455,0.54008,0.29754,0.44963,2.15988
442,"Luxembourg","Western Europe",2016,20,6.871,1.69752,1.03999,0.84542,0.5487,0.35329,0.27571,2.11055
484,"Mexico","Latin America and Caribbean",2016,21,6.778,1.11508,0.7146,0.71143,0.37709,0.18355,0.11735,3.55906
702,"Singapore","Southeastern Asia",2016,22,6.739,1.64555,0.86758,0.94719,0.4877,0.46987,0.32706,1.99375
826,"United Kingdom","Western Europe",2016,23,6.725,1.40283,1.08672,0.80991,0.50036,0.27399,0.50156,2.14999
152,"Chile","Latin America and Caribbean",2016,24,6.705,1.2167,0.90587,0.81883,0.37789,0.11451,0.31595,2.95505
591,"Panama","Latin America and Caribbean",2016,25,6.701,1.18306,0.98912,0.70835,0.48927,0.08423,0.2418,3.00559
32,"Argentina","Latin America and Caribbean",2016,26,6.65,1.15137,1.06612,0.69711,0.42284,0.07296,0.10989,3.12985
203,"Czech Republic","Central and Eastern Europe",2016,27,6.596,1.30915,1.00793,0.76376,0.41418,0.03986,0.09929,2.96211
784,"United Arab Emirates","Middle East and Northern Africa",2016,28,6.573,1.57352,0.87114,0.72993,0.56215,0.35561,0.26591,2.21507
858,"Uruguay","Latin America and Caribbean",2016,29,6.545,1.18157,1.03143,0.72183,0.54388,0.21394,0.18056,2.67139
470,"Malta","Western Europe",2016,30,6.488,1.30782,1.09879,0.80315,0.54994,0.17554,0.56237,1.99032
170,"Colombia","Latin America and Caribbean",2016,31,6.481,1.03032,1.02169,0.59659,0.44735,0.05399,0.15626,3.17471
250,"France","Western Europe",2016,32,6.478,1.39488,1.00508,0.83795,0.46562,0.17808,0.1216,2.4744
764,"Thailand","Southeastern Asia",2016,33,6.474,1.0893,1.04477,0.64915,0.49553,0.02833,0.58696,2.5796
682,"Saudi Arabia","Middle East and Northern Africa",2016,34,6.379,1.48953,0.84829,0.59267,0.37904,0.30008,0.15457,2.61482
158,"Taiwan","Eastern Asia",2016,34,6.379,1.39729,0.92624,0.79565,0.32377,0.0663,0.25495,2.61523
634,"Qatar","Middle East and Northern Africa",2016,36,6.375,1.82427,0.87964,0.71723,0.56679,0.48049,0.32388,1.58224
724,"Spain","Western Europe",2016,37,6.361,1.34253,1.12945,0.87896,0.37545,0.06137,0.17665,2.39663
12,"Algeria","Middle East and Northern Africa",2016,38,6.355,1.05266,0.83309,0.61804,0.21006,0.16157,0.07044,3.40904
320,"Guatemala","Latin America and Caribbean",2016,39,6.324,0.83454,0.87119,0.54039,0.50379,0.08701,0.28808,3.19863
740,"Suriname","Latin America and Caribbean",2016,40,6.269,1.09686,0.77866,0.50933,0.52234,0.12692,0.16665,3.06852
414,"Kuwait","Middle East and Northern Africa",2016,41,6.239,1.61714,0.87758,0.63569,0.43166,0.23669,0.15965,2.28085
48,"Bahrain","Middle East and Northern Africa",2016,42,6.218,1.44024,0.94397,0.65696,0.47375,0.25772,0.17147,2.27405
780,"Trinidad and Tobago","Latin America and Caribbean",2016,43,6.168,1.32572,0.98569,0.52608,0.48453,0.01241,0.31935,2.51394
862,"Venezuela","Latin America and Caribbean",2016,44,6.084,1.13367,1.03302,0.61904,0.19847,0.08304,0.0425,2.97468
703,"Slovakia","Central and Eastern Europe",2016,45,6.078,1.27973,1.08268,0.70367,0.23391,0.02947,0.13837,2.61065
222,"El Salvador","Latin America and Caribbean",2016,46,6.068,0.8737,0.80975,0.596,0.37269,0.10613,0.08877,3.22134
458,"Malaysia","Southeastern Asia",2016,47,6.005,1.25142,0.88025,0.62366,0.39031,0.09081,0.41474,2.35384
558,"Nicaragua","Latin America and Caribbean",2016,48,5.992,0.69384,0.89521,0.65213,0.46582,0.16292,0.29773,2.82428
860,"Uzbekistan","Central and Eastern Europe",2016,49,5.987,0.73591,1.1681,0.50163,0.60848,0.28333,0.34326,2.34638
380,"Italy","Western Europe",2016,50,5.977,1.35495,1.04167,0.85102,0.18827,0.02556,0.16684,2.34918
218,"Ecuador","Latin America and Caribbean",2016,51,5.976,0.97306,0.85974,0.68613,0.4027,0.18037,0.10074,2.77366
84,"Belize","Latin America and Caribbean",2016,52,5.956,0.87616,0.68655,0.45569,0.51231,0.10771,0.23684,3.08039
392,"Japan","Eastern Asia",2016,53,5.921,1.38007,1.06054,0.91491,0.46761,0.18985,0.10224,1.80584
398,"Kazakhstan","Central and Eastern Europe",2016,54,5.919,1.22943,0.95544,0.57386,0.4052,0.11132,0.15011,2.49325
498,"Moldova","Central and Eastern Europe",2016,55,5.897,0.69177,0.83132,0.52309,0.25202,0.01903,0.19997,3.38007
643,"Russia","Central and Eastern Europe",2016,56,5.856,1.23228,1.05261,0.58991,0.32682,0.03586,0.02736,2.59115
616,"Poland","Central and Eastern Europe",2016,57,5.835,1.24585,1.04685,0.69058,0.4519,0.055,0.14443,2.20035
410,"South Korea","Eastern Asia",2016,57,5.835,1.35948,0.72194,0.88645,0.25168,0.07716,0.18824,2.35015
68,"Bolivia","Latin America and Caribbean",2016,59,5.822,0.79422,0.83779,0.4697,0.50961,0.07746,0.21698,2.91635
440,"Lithuania","Central and Eastern Europe",2016,60,5.813,1.2692,1.06411,0.64674,0.18929,0.0182,0.02025,2.60525
112,"Belarus","Central and Eastern Europe",2016,61,5.802,1.13062,1.04993,0.63104,0.29091,0.17457,0.13942,2.38582
196,"North Cyprus","Western Europe",2016,62,5.771,1.31141,0.81826,0.84142,0.43596,0.16578,0.26322,1.93447
705,"Slovenia","Central and Eastern Europe",2016,63,5.768,1.29947,1.05613,0.79151,0.53164,0.03635,0.25738,1.79522
604,"Peru","Latin America and Caribbean",2016,64,5.743,0.99602,0.81255,0.62994,0.37502,0.05292,0.14527,2.73117
795,"Turkmenistan","Central and Eastern Europe",2016,65,5.658,1.08017,1.03817,0.44006,0.37408,0.28467,0.22567,2.21489
480,"Mauritius","Sub-Saharan Africa",2016,66,5.648,1.14372,0.75695,0.66189,0.46145,0.05203,0.36951,2.20223
434,"Libya","Middle East and Northern Africa",2016,67,5.615,1.06688,0.95076,0.52304,0.40672,0.10339,0.17087,2.39374
428,"Latvia","Central and Eastern Europe",2016,68,5.56,1.21788,0.95025,0.63952,0.27996,0.0889,0.17445,2.20859
196,"Cyprus","Western Europe",2016,69,5.546,1.31857,0.70697,0.8488,0.29507,0.05228,0.27906,2.04497
600,"Paraguay","Latin America and Caribbean",2016,70,5.538,0.89373,1.11111,0.58295,0.46235,0.07396,0.25296,2.16091
642,"Romania","Central and Eastern Europe",2016,71,5.528,1.1697,0.72803,0.67602,0.36712,0.00679,0.12889,2.45184
233,"Estonia","Central and Eastern Europe",2016,72,5.517,1.27964,1.05163,0.68098,0.41511,0.18519,0.08423,1.81985
388,"Jamaica","Latin America and Caribbean",2016,73,5.51,0.89333,0.96372,0.59469,0.43597,0.04294,0.22245,2.35682
191,"Croatia","Central and Eastern Europe",2016,74,5.488,1.18649,0.60809,0.70524,0.23907,0.04002,0.18434,2.52462
344,"Hong Kong","Eastern Asia",2016,75,5.458,1.5107,0.87021,0.95277,0.48079,0.31647,0.40097,0.92614
706,"Somalia","Sub-Saharan Africa",2016,76,5.44,0,0.33613,0.11466,0.56778,0.3118,0.27225,3.83772
,"Kosovo","Central and Eastern Europe",2016,77,5.401,0.90145,0.66062,0.54,0.14396,0.06547,0.27992,2.80998
792,"Turkey","Middle East and Northern Africa",2016,78,5.389,1.16492,0.87717,0.64718,0.23889,0.12348,0.04707,2.29074
360,"Indonesia","Southeastern Asia",2016,79,5.314,0.95104,0.87625,0.49374,0.39237,0.00322,0.56521,2.03171
400,"Jordan","Middle East and Northern Africa",2016,80,5.303,0.99673,0.86216,0.60712,0.36023,0.13297,0.14262,2.20142
31,"Azerbaijan","Central and Eastern Europe",2016,81,5.291,1.12373,0.76042,0.54504,0.35327,0.17914,0.0564,2.2735
608,"Philippines","Southeastern Asia",2016,82,5.279,0.81217,0.87877,0.47036,0.54854,0.11757,0.21674,2.23484
156,"China","Eastern Asia",2016,83,5.245,1.0278,0.79381,0.73561,0.44012,0.02745,0.04959,2.17087
64,"Bhutan","Southern Asia",2016,84,5.196,0.8527,0.90836,0.49759,0.46074,0.1616,0.48546,1.82916
417,"Kyrgyzstan","Central and Eastern Europe",2016,85,5.185,0.56044,0.95434,0.55449,0.40212,0.04762,0.38432,2.28136
688,"Serbia","Central and Eastern Europe",2016,86,5.177,1.03437,0.81329,0.6458,0.15718,0.04339,0.20737,2.27539
70,"Bosnia and Herzegovina","Central and Eastern Europe",2016,87,5.163,0.93383,0.64367,0.70766,0.09511,0,0.29889,2.48406
499,"Montenegro","Central and Eastern Europe",2016,88,5.161,1.07838,0.74173,0.63533,0.15111,0.12721,0.17191,2.25531
214,"Dominican Republic","Latin America and Caribbean",2016,89,5.155,1.02787,0.99496,0.57669,0.52259,0.12372,0.21286,1.69626
504,"Morocco","Middle East and Northern Africa",2016,90,5.151,0.84058,0.38595,0.59471,0.25646,0.08404,0.04053,2.94891
348,"Hungary","Central and Eastern Europe",2016,91,5.145,1.24142,0.93164,0.67608,0.1977,0.04472,0.099,1.95473
586,"Pakistan","Southern Asia",2016,92,5.132,0.68816,0.26135,0.40306,0.14622,0.1388,0.31185,3.18286
422,"Lebanon","Middle East and Northern Africa",2016,93,5.129,1.12268,0.64184,0.76171,0.26228,0.03061,0.23693,2.07339
620,"Portugal","Western Europe",2016,94,5.123,1.27607,0.94367,0.79363,0.44727,0.01521,0.11691,1.53015
807,"Macedonia","Central and Eastern Europe",2016,95,5.121,1.0193,0.78236,0.64738,0.27668,0.07047,0.23507,2.08947
704,"Vietnam","Southeastern Asia",2016,96,5.061,0.74037,0.79117,0.66157,0.55954,0.11556,0.25075,1.9418
,"Somaliland Region","Sub-Saharan Africa",2016,97,5.057,0.25558,0.75862,0.33108,0.3913,0.36794,0.51479,2.43801
788,"Tunisia","Middle East and Northern Africa",2016,98,5.045,0.97724,0.43165,0.59577,0.23553,0.0817,0.03936,2.68413
300,"Greece","Western Europe",2016,99,5.033,1.24886,0.75473,0.80029,0.05822,0.04127,0,2.12944
762,"Tajikistan","Central and Eastern Europe",2016,100,4.996,0.48835,0.75602,0.53119,0.43408,0.13509,0.25998,2.39106
496,"Mongolia","Eastern Asia",2016,101,4.907,0.98853,1.08983,0.55469,0.35972,0.03285,0.34539,1.53586
418,"Laos","Southeastern Asia",2016,102,4.876,0.68042,0.5497,0.38291,0.52168,0.22423,0.43079,2.08637
566,"Nigeria","Sub-Saharan Africa",2016,103,4.875,0.75216,0.64498,0.05108,0.27854,0.0305,0.23219,2.88586
340,"Honduras","Latin America and Caribbean",2016,104,4.871,0.69429,0.75596,0.58383,0.26755,0.06906,0.2044,2.29551
364,"Iran","Middle East and Northern Africa",2016,105,4.813,1.11758,0.38857,0.64232,0.22544,0.0557,0.38538,1.99817
894,"Zambia","Sub-Saharan Africa",2016,106,4.795,0.61202,0.6376,0.23573,0.42662,0.11479,0.17866,2.58991
524,"Nepal","Southern Asia",2016,107,4.793,0.44626,0.69699,0.50073,0.37012,0.07008,0.3816,2.32694
275,"Palestinian Territories","Middle East and Northern Africa",2016,108,4.754,0.67024,0.71629,0.56844,0.17744,0.10613,0.11154,2.40364
8,"Albania","Central and Eastern Europe",2016,109,4.655,0.9553,0.50163,0.73007,0.31866,0.05301,0.1684,1.92816
50,"Bangladesh","Southern Asia",2016,110,4.643,0.54177,0.24749,0.52989,0.39778,0.12583,0.19132,2.60904
694,"Sierra Leone","Sub-Saharan Africa",2016,111,4.635,0.36485,0.628,0,0.30685,0.08196,0.23897,3.01402
368,"Iraq","Middle East and Northern Africa",2016,112,4.575,1.07474,0.59205,0.51076,0.24856,0.13636,0.19589,1.81657
516,"Namibia","Sub-Saharan Africa",2016,113,4.574,0.93287,0.70362,0.34745,0.48614,0.10398,0.07795,1.92198
120,"Cameroon","Sub-Saharan Africa",2016,114,4.513,0.52497,0.62542,0.12698,0.42736,0.06126,0.2268,2.5198
231,"Ethiopia","Sub-Saharan Africa",2016,115,4.508,0.29283,0.37932,0.34578,0.36703,0.1717,0.29522,2.65614
710,"South Africa","Sub-Saharan Africa",2016,116,4.459,1.02416,0.96053,0.18611,0.42483,0.08415,0.13656,1.64227
144,"Sri Lanka","Southern Asia",2016,117,4.415,0.97318,0.84783,0.62007,0.50817,0.07964,0.46978,0.91681
356,"India","Southern Asia",2016,118,4.404,0.74036,0.29247,0.45091,0.40285,0.08722,0.25028,2.18032
104,"Myanmar","Southeastern Asia",2016,119,4.395,0.34112,0.69981,0.3988,0.42692,0.20243,0.81971,1.50655
818,"Egypt","Middle East and Northern Africa",2016,120,4.362,0.95395,0.49813,0.52116,0.18847,0.10393,0.12706,1.96895
51,"Armenia","Central and Eastern Europe",2016,121,4.36,0.86086,0.62477,0.64083,0.14037,0.03616,0.07793,1.97864
404,"Kenya","Sub-Saharan Africa",2016,122,4.356,0.52267,0.7624,0.30147,0.40576,0.06686,0.41328,1.88326
804,"Ukraine","Central and Eastern Europe",2016,123,4.324,0.87287,1.01413,0.58628,0.12859,0.01829,0.20363,1.50066
288,"Ghana","Sub-Saharan Africa",2016,124,4.276,0.63107,0.49353,0.29681,0.40973,0.0326,0.21203,2.2002
180,"Congo (Kinshasa)","Sub-Saharan Africa",2016,125,4.272,0.05661,0.80676,0.188,0.15602,0.06075,0.25458,2.74924
268,"Georgia","Central and Eastern Europe",2016,126,4.252,0.83792,0.19249,0.64035,0.32461,0.3188,0.06786,1.87031
178,"Congo (Brazzaville)","Sub-Saharan Africa",2016,127,4.236,0.77109,0.47799,0.28212,0.37938,0.09753,0.12077,2.10681
686,"Senegal","Sub-Saharan Africa",2016,128,4.219,0.44314,0.77416,0.40457,0.31056,0.11681,0.19103,1.97861
100,"Bulgaria","Central and Eastern Europe",2016,129,4.217,1.11306,0.92542,0.67806,0.21219,0.00615,0.12793,1.15377
478,"Mauritania","Sub-Saharan Africa",2016,130,4.201,0.61391,0.84142,0.28639,0.1268,0.17955,0.22686,1.9263
716,"Zimbabwe","Sub-Saharan Africa",2016,131,4.193,0.35041,0.71478,0.1595,0.25429,0.08582,0.18503,2.4427
454,"Malawi","Sub-Saharan Africa",2016,132,4.156,0.08709,0.147,0.29364,0.4143,0.07564,0.30968,2.82859
729,"Sudan","Sub-Saharan Africa",2016,133,4.139,0.63069,0.81928,0.29759,0,0.10039,0.18077,2.10995
266,"Gabon","Sub-Saharan Africa",2016,134,4.121,1.15851,0.72368,0.3494,0.28098,0.09314,0.06244,1.45332
466,"Mali","Sub-Saharan Africa",2016,135,4.073,0.31292,0.86333,0.16347,0.27544,0.13647,0.21064,2.11087
332,"Haiti","Latin America and Caribbean",2016,136,4.028,0.34097,0.29561,0.27494,0.12072,0.14476,0.47958,2.37116
72,"Botswana","Sub-Saharan Africa",2016,137,3.974,1.09426,0.89186,0.34752,0.44089,0.10769,0.12425,0.96741
174,"Comoros","Sub-Saharan Africa",2016,138,3.956,0.27509,0.60323,0.29981,0.15412,0.18437,0.1827,2.25632
384,"Ivory Coast","Sub-Saharan Africa",2016,139,3.916,0.55507,0.57576,0.04476,0.40663,0.1553,0.20338,1.97478
116,"Cambodia","Southeastern Asia",2016,140,3.907,0.55604,0.5375,0.42494,0.58852,0.08092,0.40339,1.31573
24,"Angola","Sub-Saharan Africa",2016,141,3.866,0.84731,0.66366,0.04991,0.00589,0.08434,0.12071,2.09459
562,"Niger","Sub-Saharan Africa",2016,142,3.856,0.1327,0.6053,0.26162,0.38041,0.17176,0.2097,2.09469
728,"South Sudan","Sub-Saharan Africa",2016,143,3.832,0.39394,0.18519,0.15781,0.19662,0.13015,0.25899,2.50929
148,"Chad","Sub-Saharan Africa",2016,144,3.763,0.42214,0.63178,0.03824,0.12807,0.04952,0.18667,2.30637
854,"Burkina Faso","Sub-Saharan Africa",2016,145,3.739,0.31995,0.63054,0.21297,0.3337,0.12533,0.24353,1.87319
800,"Uganda","Sub-Saharan Africa",2016,145,3.739,0.34719,0.90981,0.19625,0.43653,0.06442,0.27102,1.51416
887,"Yemen","Middle East and Northern Africa",2016,147,3.724,0.57939,0.47493,0.31048,0.2287,0.05892,0.09821,1.97295
450,"Madagascar","Sub-Saharan Africa",2016,148,3.695,0.27954,0.46115,0.37109,0.13684,0.07506,0.2204,2.15075
834,"Tanzania","Sub-Saharan Africa",2016,149,3.666,0.47155,0.77623,0.357,0.3176,0.05099,0.31472,1.37769
430,"Liberia","Sub-Saharan Africa",2016,150,3.622,0.10706,0.50353,0.23165,0.25748,0.04852,0.24063,2.23284
324,"Guinea","Sub-Saharan Africa",2016,151,3.607,0.22415,0.3109,0.18829,0.30953,0.1192,0.29914,2.15604
646,"Rwanda","Sub-Saharan Africa",2016,152,3.515,0.32846,0.61586,0.31865,0.5432,0.50521,0.23552,0.96819
204,"Benin","Sub-Saharan Africa",2016,153,3.484,0.39499,0.10419,0.21028,0.39747,0.06681,0.2018,2.10812
4,"Afghanistan","Southern Asia",2016,154,3.36,0.38227,0.11037,0.17344,0.1643,0.07112,0.31268,2.14558
768,"Togo","Sub-Saharan Africa",2016,155,3.303,0.28123,0,0.24811,0.34678,0.11587,0.17517,2.1354
760,"Syria","Middle East and Northern Africa",2016,156,3.069,0.74719,0.14866,0.62994,0.06912,0.17233,0.48397,0.81789
108,"Burundi","Sub-Saharan Africa",2016,157,2.905,0.06831,0.23442,0.15747,0.0432,0.09419,0.2029,2.10404
756,"Switzerland","Western Europe",2015,1,7.587,1.39651,1.34951,0.94143,0.66557,0.41978,0.29678,2.51738
352,"Iceland","Western Europe",2015,2,7.561,1.30232,1.40223,0.94784,0.62877,0.14145,0.4363,2.70201
208,"Denmark","Western Europe",2015,3,7.527,1.32548,1.36058,0.87464,0.64938,0.48357,0.34139,2.49204
578,"Norway","Western Europe",2015,4,7.522,1.459,1.33095,0.88521,0.66973,0.36503,0.34699,2.46531
124,"Canada","North America",2015,5,7.427,1.32629,1.32261,0.90563,0.63297,0.32957,0.45811,2.45176
246,"Finland","Western Europe",2015,6,7.406,1.29025,1.31826,0.88911,0.64169,0.41372,0.23351,2.61955
528,"Netherlands","Western Europe",2015,7,7.378,1.32944,1.28017,0.89284,0.61576,0.31814,0.4761,2.4657
752,"Sweden","Western Europe",2015,8,7.364,1.33171,1.28907,0.91087,0.6598,0.43844,0.36262,2.37119
554,"New Zealand","Australia and New Zealand",2015,9,7.286,1.25018,1.31967,0.90837,0.63938,0.42922,0.47501,2.26425
36,"Australia","Australia and New Zealand",2015,10,7.284,1.33358,1.30923,0.93156,0.65124,0.35637,0.43562,2.26646
376,"Israel","Middle East and Northern Africa",2015,11,7.278,1.22857,1.22393,0.91387,0.41319,0.07785,0.33172,3.08854
188,"Costa Rica","Latin America and Caribbean",2015,12,7.226,0.95578,1.23788,0.86027,0.63376,0.10583,0.25497,3.17728
40,"Austria","Western Europe",2015,13,7.2,1.33723,1.29704,0.89042,0.62433,0.18676,0.33088,2.5332
484,"Mexico","Latin America and Caribbean",2015,14,7.187,1.02054,0.91451,0.81444,0.48181,0.21312,0.14074,3.60214
840,"United States","North America",2015,15,7.119,1.39451,1.24711,0.86179,0.54604,0.1589,0.40105,2.51011
76,"Brazil","Latin America and Caribbean",2015,16,6.983,0.98124,1.23287,0.69702,0.49049,0.17521,0.14574,3.26001
442,"Luxembourg","Western Europe",2015,17,6.946,1.56391,1.21963,0.91894,0.61583,0.37798,0.28034,1.96961
372,"Ireland","Western Europe",2015,18,6.94,1.33596,1.36948,0.89533,0.61777,0.28703,0.45901,1.9757
56,"Belgium","Western Europe",2015,19,6.937,1.30782,1.28566,0.89667,0.5845,0.2254,0.2225,2.41484
784,"United Arab Emirates","Middle East and Northern Africa",2015,20,6.901,1.42727,1.12575,0.80925,0.64157,0.38583,0.26428,2.24743
826,"United Kingdom","Western Europe",2015,21,6.867,1.26637,1.28548,0.90943,0.59625,0.32067,0.51912,1.96994
512,"Oman","Middle East and Northern Africa",2015,22,6.853,1.36011,1.08182,0.76276,0.63274,0.32524,0.21542,2.47489
862,"Venezuela","Latin America and Caribbean",2015,23,6.81,1.04424,1.25596,0.72052,0.42908,0.11069,0.05841,3.19131
702,"Singapore","Southeastern Asia",2015,24,6.798,1.52186,1.02,1.02525,0.54252,0.4921,0.31105,1.88501
591,"Panama","Latin America and Caribbean",2015,25,6.786,1.06353,1.1985,0.79661,0.5421,0.0927,0.24434,2.84848
276,"Germany","Western Europe",2015,26,6.75,1.32792,1.29937,0.89186,0.61477,0.21843,0.28214,2.11569
152,"Chile","Latin America and Caribbean",2015,27,6.67,1.10715,1.12447,0.85857,0.44132,0.12869,0.33363,2.67585
634,"Qatar","Middle East and Northern Africa",2015,28,6.611,1.69042,1.0786,0.79733,0.6404,0.52208,0.32573,1.55674
250,"France","Western Europe",2015,29,6.575,1.27778,1.26038,0.94579,0.55011,0.20646,0.12332,2.21126
32,"Argentina","Latin America and Caribbean",2015,30,6.574,1.05351,1.24823,0.78723,0.44974,0.08484,0.11451,2.836
203,"Czech Republic","Central and Eastern Europe",2015,31,6.505,1.17898,1.20643,0.84483,0.46364,0.02652,0.10686,2.67782
858,"Uruguay","Latin America and Caribbean",2015,32,6.485,1.06166,1.2089,0.8116,0.60362,0.24558,0.2324,2.32142
170,"Colombia","Latin America and Caribbean",2015,33,6.477,0.91861,1.24018,0.69077,0.53466,0.0512,0.18401,2.85737
764,"Thailand","Southeastern Asia",2015,34,6.455,0.9669,1.26504,0.7385,0.55664,0.03187,0.5763,2.31945
682,"Saudi Arabia","Middle East and Northern Africa",2015,35,6.411,1.39541,1.08393,0.72025,0.31048,0.32524,0.13706,2.43872
724,"Spain","Western Europe",2015,36,6.329,1.23011,1.31379,0.95562,0.45951,0.06398,0.18227,2.12367
470,"Malta","Western Europe",2015,37,6.302,1.2074,1.30203,0.88721,0.60365,0.13586,0.51752,1.6488
158,"Taiwan","Eastern Asia",2015,38,6.298,1.29098,1.07617,0.8753,0.3974,0.08129,0.25376,2.32323
414,"Kuwait","Middle East and Northern Africa",2015,39,6.295,1.55422,1.16594,0.72492,0.55499,0.25609,0.16228,1.87634
740,"Suriname","Latin America and Caribbean",2015,40,6.269,0.99534,0.972,0.6082,0.59657,0.13633,0.16991,2.79094
780,"Trinidad and Tobago","Latin America and Caribbean",2015,41,6.168,1.21183,1.18354,0.61483,0.55884,0.0114,0.31844,2.26882
222,"El Salvador","Latin America and Caribbean",2015,42,6.13,0.76454,1.02507,0.67737,0.4035,0.11776,0.10692,3.035
320,"Guatemala","Latin America and Caribbean",2015,43,6.123,0.74553,1.04356,0.64425,0.57733,0.09472,0.27489,2.74255
860,"Uzbekistan","Central and Eastern Europe",2015,44,6.003,0.63244,1.34043,0.59772,0.65821,0.30826,0.22837,2.23741
703,"Slovakia","Central and Eastern Europe",2015,45,5.995,1.16891,1.26999,0.78902,0.31751,0.03431,0.16893,2.24639
392,"Japan","Eastern Asia",2015,46,5.987,1.27074,1.25712,0.99111,0.49615,0.1806,0.10705,1.68435
410,"South Korea","Eastern Asia",2015,47,5.984,1.24461,0.95774,0.96538,0.33208,0.07857,0.18557,2.21978
218,"Ecuador","Latin America and Caribbean",2015,48,5.975,0.86402,0.99903,0.79075,0.48574,0.1809,0.11541,2.53942
48,"Bahrain","Middle East and Northern Africa",2015,49,5.96,1.32376,1.21624,0.74716,0.45492,0.306,0.17362,1.73797
380,"Italy","Western Europe",2015,50,5.948,1.25114,1.19777,0.95446,0.26236,0.02901,0.22823,2.02518
68,"Bolivia","Latin America and Caribbean",2015,51,5.89,0.68133,0.97841,0.5392,0.57414,0.088,0.20536,2.82334
498,"Moldova","Central and Eastern Europe",2015,52,5.889,0.59448,1.01528,0.61826,0.32818,0.01615,0.20951,3.10712
600,"Paraguay","Latin America and Caribbean",2015,53,5.878,0.75985,1.30477,0.66098,0.53899,0.08242,0.3424,2.18896
398,"Kazakhstan","Central and Eastern Europe",2015,54,5.855,1.12254,1.12241,0.64368,0.51649,0.08454,0.11827,2.24729
705,"Slovenia","Central and Eastern Europe",2015,55,5.848,1.18498,1.27385,0.87337,0.60855,0.03787,0.25328,1.61583
440,"Lithuania","Central and Eastern Europe",2015,56,5.833,1.14723,1.25745,0.73128,0.21342,0.01031,0.02641,2.44649
558,"Nicaragua","Latin America and Caribbean",2015,57,5.828,0.59325,1.14184,0.74314,0.55475,0.19317,0.27815,2.32407
604,"Peru","Latin America and Caribbean",2015,58,5.824,0.90019,0.97459,0.73017,0.41496,0.05989,0.14982,2.5945
112,"Belarus","Central and Eastern Europe",2015,59,5.813,1.03192,1.23289,0.73608,0.37938,0.1909,0.11046,2.1309
616,"Poland","Central and Eastern Europe",2015,60,5.791,1.12555,1.27948,0.77903,0.53122,0.04212,0.16759,1.86565
458,"Malaysia","Southeastern Asia",2015,61,5.77,1.12486,1.07023,0.72394,0.53024,0.10501,0.33075,1.88541
191,"Croatia","Central and Eastern Europe",2015,62,5.759,1.08254,0.79624,0.78805,0.25883,0.0243,0.05444,2.75414
434,"Libya","Middle East and Northern Africa",2015,63,5.754,1.13145,1.11862,0.7038,0.41668,0.11023,0.18295,2.09066
643,"Russia","Central and Eastern Europe",2015,64,5.716,1.13764,1.23617,0.66926,0.36679,0.03005,0.00199,2.27394
388,"Jamaica","Latin America and Caribbean",2015,65,5.709,0.81038,1.15102,0.68741,0.50442,0.02299,0.2123,2.32038
196,"North Cyprus","Western Europe",2015,66,5.695,1.20806,1.07008,0.92356,0.49027,0.1428,0.26169,1.59888
196,"Cyprus","Western Europe",2015,67,5.689,1.20813,0.89318,0.92356,0.40672,0.06146,0.30638,1.88931
12,"Algeria","Middle East and Northern Africa",2015,68,5.605,0.93929,1.07772,0.61766,0.28579,0.17383,0.07822,2.43209
,"Kosovo","Central and Eastern Europe",2015,69,5.589,0.80148,0.81198,0.63132,0.24749,0.04741,0.2831,2.76579
795,"Turkmenistan","Central and Eastern Europe",2015,70,5.548,0.95847,1.22668,0.53886,0.4761,0.30844,0.16979,1.86984
480,"Mauritius","Sub-Saharan Africa",2015,71,5.477,1.00761,0.98521,0.7095,0.56066,0.07521,0.37744,1.76145
344,"Hong Kong","Eastern Asia",2015,72,5.474,1.38604,1.05818,1.01328,0.59608,0.37124,0.39478,0.65429
233,"Estonia","Central and Eastern Europe",2015,73,5.429,1.15174,1.22791,0.77361,0.44888,0.15184,0.0868,1.58782
360,"Indonesia","Southeastern Asia",2015,74,5.399,0.82827,1.08708,0.63793,0.46611,0,0.51535,1.86399
704,"Vietnam","Southeastern Asia",2015,75,5.36,0.63216,0.91226,0.74676,0.59444,0.10441,0.1686,2.20173
792,"Turkey","Middle East and Northern Africa",2015,76,5.332,1.06098,0.94632,0.73172,0.22815,0.15746,0.12253,2.08528
417,"Kyrgyzstan","Central and Eastern Europe",2015,77,5.286,0.47428,1.15115,0.65088,0.43477,0.04232,0.3003,2.2327
566,"Nigeria","Sub-Saharan Africa",2015,78,5.268,0.65435,0.90432,0.16007,0.34334,0.0403,0.27233,2.89319
64,"Bhutan","Southern Asia",2015,79,5.253,0.77042,1.10395,0.57407,0.53206,0.15445,0.47998,1.63794
31,"Azerbaijan","Central and Eastern Europe",2015,80,5.212,1.02389,0.93793,0.64045,0.3703,0.16065,0.07799,2.00073
586,"Pakistan","Southern Asia",2015,81,5.194,0.59543,0.41411,0.51466,0.12102,0.10464,0.33671,3.10709
400,"Jordan","Middle East and Northern Africa",2015,82,5.192,0.90198,1.05392,0.69639,0.40661,0.14293,0.11053,1.87996
499,"Montenegro","Central and Eastern Europe",2015,82,5.192,0.97438,0.90557,0.72521,0.1826,0.14296,0.1614,2.10017
156,"China","Eastern Asia",2015,84,5.14,0.89012,0.94675,0.81658,0.51697,0.02781,0.08185,1.8604
894,"Zambia","Sub-Saharan Africa",2015,85,5.129,0.47038,0.91612,0.29924,0.48827,0.12468,0.19591,2.6343
642,"Romania","Central and Eastern Europe",2015,86,5.124,1.04345,0.88588,0.7689,0.35068,0.00649,0.13748,1.93129
688,"Serbia","Central and Eastern Europe",2015,87,5.123,0.92053,1.00964,0.74836,0.20107,0.02617,0.19231,2.025
620,"Portugal","Western Europe",2015,88,5.102,1.15991,1.13935,0.87519,0.51469,0.01078,0.13719,1.26462
428,"Latvia","Central and Eastern Europe",2015,89,5.098,1.11312,1.09562,0.72437,0.29671,0.06332,0.18226,1.62215
608,"Philippines","Southeastern Asia",2015,90,5.073,0.70532,1.03516,0.58114,0.62545,0.12279,0.24991,1.7536
,"Somaliland Region","Sub-Saharan Africa",2015,91,5.057,0.18847,0.95152,0.43873,0.46582,0.39928,0.50318,2.11032
504,"Morocco","Middle East and Northern Africa",2015,92,5.013,0.73479,0.64095,0.60954,0.41691,0.08546,0.07172,2.45373
807,"Macedonia","Central and Eastern Europe",2015,93,5.007,0.91851,1.00232,0.73545,0.33457,0.05327,0.22359,1.73933
508,"Mozambique","Sub-Saharan Africa",2015,94,4.971,0.08308,1.02626,0.09131,0.34037,0.15603,0.22269,3.05137
8,"Albania","Central and Eastern Europe",2015,95,4.959,0.87867,0.80434,0.81325,0.35733,0.06413,0.14272,1.89894
70,"Bosnia and Herzegovina","Central and Eastern Europe",2015,96,4.949,0.83223,0.91916,0.79081,0.09245,0.00227,0.24808,2.06367
426,"Lesotho","Sub-Saharan Africa",2015,97,4.898,0.37545,1.04103,0.07612,0.31767,0.12504,0.16388,2.79832
214,"Dominican Republic","Latin America and Caribbean",2015,98,4.885,0.89537,1.17202,0.66825,0.57672,0.14234,0.21684,1.21305
418,"Laos","Southeastern Asia",2015,99,4.876,0.59066,0.73803,0.54909,0.59591,0.24249,0.42192,1.73799
496,"Mongolia","Eastern Asia",2015,100,4.874,0.82819,1.3006,0.60268,0.43626,0.02666,0.3323,1.34759
748,"Swaziland","Sub-Saharan Africa",2015,101,4.867,0.71206,1.07284,0.07566,0.30658,0.0306,0.18259,2.48676
300,"Greece","Western Europe",2015,102,4.857,1.15406,0.92933,0.88213,0.07699,0.01397,0,1.80101
422,"Lebanon","Middle East and Northern Africa",2015,103,4.839,1.02564,0.80001,0.83947,0.33916,0.04582,0.21854,1.57059
348,"Hungary","Central and Eastern Europe",2015,104,4.8,1.12094,1.20215,0.75905,0.32112,0.02758,0.128,1.24074
340,"Honduras","Latin America and Caribbean",2015,105,4.788,0.59532,0.95348,0.6951,0.40148,0.06825,0.23027,1.84408
762,"Tajikistan","Central and Eastern Europe",2015,106,4.786,0.39047,0.85563,0.57379,0.47216,0.15072,0.22974,2.11399
788,"Tunisia","Middle East and Northern Africa",2015,107,4.739,0.88113,0.60429,0.73793,0.26268,0.06358,0.06431,2.12466
275,"Palestinian Territories","Middle East and Northern Africa",2015,108,4.715,0.59867,0.92558,0.66015,0.24499,0.12905,0.11251,2.04384
50,"Bangladesh","Southern Asia",2015,109,4.694,0.39753,0.43106,0.60164,0.4082,0.12569,0.21222,2.51767
364,"Iran","Middle East and Northern Africa",2015,110,4.686,1.0088,0.54447,0.69805,0.30033,0.05863,0.38086,1.6944
804,"Ukraine","Central and Eastern Europe",2015,111,4.681,0.79907,1.20278,0.6739,0.25123,0.02961,0.15275,1.5714
368,"Iraq","Middle East and Northern Africa",2015,112,4.677,0.98549,0.81889,0.60237,0,0.13788,0.17922,1.95335
710,"South Africa","Sub-Saharan Africa",2015,113,4.642,0.92049,1.18468,0.27688,0.33207,0.08884,0.11973,1.71956
288,"Ghana","Sub-Saharan Africa",2015,114,4.633,0.54558,0.67954,0.40132,0.42342,0.04355,0.23087,2.30919
716,"Zimbabwe","Sub-Saharan Africa",2015,115,4.61,0.271,1.03276,0.33475,0.25861,0.08079,0.18987,2.44191
430,"Liberia","Sub-Saharan Africa",2015,116,4.571,0.0712,0.78968,0.34201,0.28531,0.06232,0.24362,2.77729
356,"India","Southern Asia",2015,117,4.565,0.64499,0.38174,0.51529,0.39786,0.08492,0.26475,2.27513
729,"Sudan","Sub-Saharan Africa",2015,118,4.55,0.52107,1.01404,0.36878,0.10081,0.1466,0.19062,2.20857
332,"Haiti","Latin America and Caribbean",2015,119,4.518,0.26673,0.74302,0.38847,0.24425,0.17175,0.46187,2.24173
180,"Congo (Kinshasa)","Sub-Saharan Africa",2015,120,4.517,0,1.0012,0.09806,0.22605,0.07625,0.24834,2.86712
524,"Nepal","Southern Asia",2015,121,4.514,0.35997,0.86449,0.56874,0.38282,0.05907,0.32296,1.95637
231,"Ethiopia","Sub-Saharan Africa",2015,122,4.512,0.19073,0.60406,0.44055,0.4345,0.15048,0.24325,2.44876
694,"Sierra Leone","Sub-Saharan Africa",2015,123,4.507,0.33024,0.95571,0,0.4084,0.08786,0.21488,2.51009
478,"Mauritania","Sub-Saharan Africa",2015,124,4.436,0.45407,0.86908,0.35874,0.24232,0.17461,0.219,2.11773
404,"Kenya","Sub-Saharan Africa",2015,125,4.419,0.36471,0.99876,0.41435,0.42215,0.05839,0.37542,1.78555
262,"Djibouti","Sub-Saharan Africa",2015,126,4.369,0.44025,0.59207,0.36291,0.46074,0.28105,0.18093,2.05125
51,"Armenia","Central and Eastern Europe",2015,127,4.35,0.76821,0.77711,0.7299,0.19847,0.039,0.07855,1.75873
72,"Botswana","Sub-Saharan Africa",2015,128,4.332,0.99355,1.10464,0.04776,0.49495,0.12474,0.10461,1.46181
104,"Myanmar","Southeastern Asia",2015,129,4.307,0.27108,0.70905,0.48246,0.44017,0.19034,0.79588,1.41805
268,"Georgia","Central and Eastern Europe",2015,130,4.297,0.7419,0.38562,0.72926,0.40577,0.38331,0.05547,1.59541
454,"Malawi","Sub-Saharan Africa",2015,131,4.292,0.01604,0.41134,0.22562,0.43054,0.06977,0.33128,2.80791
144,"Sri Lanka","Southern Asia",2015,132,4.271,0.83524,1.01905,0.70806,0.53726,0.09179,0.40828,0.67108
120,"Cameroon","Sub-Saharan Africa",2015,133,4.252,0.4225,0.88767,0.23402,0.49309,0.05786,0.20618,1.95071
100,"Bulgaria","Central and Eastern Europe",2015,134,4.218,1.01216,1.10614,0.76649,0.30587,0.00872,0.11921,0.89991
818,"Egypt","Middle East and Northern Africa",2015,135,4.194,0.8818,0.747,0.61712,0.17288,0.06324,0.11291,1.59927
887,"Yemen","Middle East and Northern Africa",2015,136,4.077,0.54649,0.68093,0.40064,0.35571,0.07854,0.09131,1.92313
24,"Angola","Sub-Saharan Africa",2015,137,4.033,0.75778,0.8604,0.16683,0.10384,0.07122,0.12344,1.94939
466,"Mali","Sub-Saharan Africa",2015,138,3.995,0.26074,1.03526,0.20583,0.38857,0.12352,0.18798,1.79293
178,"Congo (Brazzaville)","Sub-Saharan Africa",2015,139,3.989,0.67866,0.6629,0.31051,0.41466,0.11686,0.12388,1.68135
174,"Comoros","Sub-Saharan Africa",2015,140,3.956,0.23906,0.79273,0.36315,0.22917,0.199,0.17441,1.95812
800,"Uganda","Sub-Saharan Africa",2015,141,3.931,0.21102,1.13299,0.33861,0.45727,0.07267,0.29066,1.42766
686,"Senegal","Sub-Saharan Africa",2015,142,3.904,0.36498,0.97619,0.4354,0.36772,0.10713,0.20843,1.44395
266,"Gabon","Sub-Saharan Africa",2015,143,3.896,1.06024,0.90528,0.43372,0.31914,0.11091,0.06822,0.99895
562,"Niger","Sub-Saharan Africa",2015,144,3.845,0.0694,0.77265,0.29707,0.47692,0.15639,0.19387,1.87877
116,"Cambodia","Southeastern Asia",2015,145,3.819,0.46038,0.62736,0.61114,0.66246,0.07247,0.40359,0.98195
834,"Tanzania","Sub-Saharan Africa",2015,146,3.781,0.2852,1.00268,0.38215,0.32878,0.05747,0.34377,1.38079
450,"Madagascar","Sub-Saharan Africa",2015,147,3.681,0.20824,0.66801,0.46721,0.19184,0.08124,0.21333,1.851
140,"Central African Republic","Sub-Saharan Africa",2015,148,3.678,0.0785,0,0.06699,0.48879,0.08289,0.23835,2.7223
148,"Chad","Sub-Saharan Africa",2015,149,3.667,0.34193,0.76062,0.1501,0.23501,0.05269,0.18386,1.94296
324,"Guinea","Sub-Saharan Africa",2015,150,3.656,0.17417,0.46475,0.24009,0.37725,0.12139,0.28657,1.99172
384,"Ivory Coast","Sub-Saharan Africa",2015,151,3.655,0.46534,0.77115,0.15185,0.46866,0.17922,0.20165,1.41723
854,"Burkina Faso","Sub-Saharan Africa",2015,152,3.587,0.25812,0.85188,0.27125,0.39493,0.12832,0.21747,1.46494
4,"Afghanistan","Southern Asia",2015,153,3.575,0.31982,0.30285,0.30335,0.23414,0.09719,0.3651,1.9521
646,"Rwanda","Sub-Saharan Africa",2015,154,3.465,0.22208,0.7737,0.42864,0.59201,0.55191,0.22628,0.67042
204,"Benin","Sub-Saharan Africa",2015,155,3.34,0.28665,0.35386,0.3191,0.4845,0.0801,0.1826,1.63328
760,"Syria","Middle East and Northern Africa",2015,156,3.006,0.6632,0.47489,0.72193,0.15684,0.18906,0.47179,0.32858
108,"Burundi","Sub-Saharan Africa",2015,157,2.905,0.0153,0.41587,0.22396,0.1185,0.10062,0.19727,1.83302
768,"Togo","Sub-Saharan Africa",2015,158,2.839,0.20868,0.13995,0.28443,0.36453,0.10731,0.16681,1.56726
