"","Country","AVG_Happiness_Foreign","AVG_Happiness_Local","Happiness_Index_2018","Dystopia_Comparison","Explained_GDPperCapita","Explained_SocialSupp","Explained_LifeExp","Explained_Freedom","Explained_Generosity","Explained_Corruption","HappinessChange","Happiness_Index_2010","Region indicator","Life ladder, 2015-2017","Log of GDP per person, 2015-2017","GDP per person, 2015-2017","Healthy life expectancy, 2015-2017","Social support, 2015-2017","Freedom to make life choices, 2015-2017","Generosity, 2015-2017, without adjustment for GDP per person","Standard error, generosity, 2015-2017","Perceptions of corruption, 2015-2017"
"1","Afghanistan",4.0684871673584,3.85313558578491,3.63150000572205,2.1959183216095,0.331814259290695,0.537191331386566,0.254771560430527,0.0845517739653587,0.191003918647766,0.0362676978111267,-0.688337802886963,4.31983780860901,"South Asia",3.63151884078979,7.46260976791382,1741.6875,52.0133285522461,0.525074541568756,0.445294231176376,0.179053544998169,0.00833086855709553,0.879704535007477
"2","Albania",NA,NA,4.58599996566772,1.46214771270752,0.915782332420349,0.817404687404633,0.790387153625488,0.41866934299469,0.14921273291111,0.0324355699121952,-0.791440963745117,5.37744092941284,"Central and Eastern Europe",4.58603954315186,9.33812618255615,11363.095703125,68.8715515136719,0.639576375484467,0.726340234279633,0.259975373744965,0.00904830079525709,0.88677841424942
"3","Algeria",NA,NA,5.29460000991821,2.20853471755981,0.978857398033142,1.15365600585938,0.686598539352417,0.0772797837853432,0.0551946423947811,0.134516581892967,-0.168929100036621,5.46352910995483,"Middle East and North Africa",5.29463768005371,9.54070281982422,13914.7236328125,65.6048583984375,0.776976704597473,0.439177334308624,0.128987744450569,0.0123274447396398,0.698342978954315
"4","Angola",NA,NA,3.79480004310608,1.53053092956543,0.730156660079956,1.12502038478851,0.268985629081726,0,0.0788681730628014,0.0612761490046978,NA,NA,"Sub-Saharan Africa",3.79483795166016,8.74195671081543,6260.1328125,52.4607086181641,0.765275478363037,0.374172747135162,0.106828570365906,0.0114986496046185,0.833540439605713
"5","Argentina",5.84322595596313,6.43971729278564,6.38800001144409,2.41820073127747,1.07267069816589,1.46834146976471,0.743585169315338,0.569710254669189,0.0619422122836113,0.0535070784389973,0.112429618835449,6.27557039260864,"Latin America and Caribbean",6.38795757293701,9.84200096130371,18807.310546875,67.3984832763672,0.905564665794373,0.85338968038559,0.16317380964756,0.00777691975235939,0.847881674766541
"6","Armenia",4.10064125061035,4.41769599914551,4.3206000328064,1.48299384117126,0.816387414932251,0.990200042724609,0.666189014911652,0.260099738836288,0.0770520865917206,0.0276431497186422,-0.0783843994140625,4.39898443222046,"Commonwealth of Independent States",4.32056522369385,9.01890182495117,8257.7041015625,64.9624786376953,0.710184693336487,0.592957973480225,0.12258356064558,0.00690524326637387,0.895624935626984
"7","Australia",7.24934816360474,7.32390356063843,7.27209997177124,2.13923645019531,1.33995127677917,1.57253634929657,0.910444676876068,0.646525800228119,0.361004859209061,0.302351891994476,-0.0794711112976074,7.35157108306885,"North America and ANZ",7.2720513343811,10.7004194259644,44374.46484375,72.6502990722656,0.948141157627106,0.918003737926483,0.694878876209259,0.0121527975425124,0.388529062271118
"8","Austria",6.90262413024902,7.26085186004639,7.13940000534058,2.31947803497314,1.34135162830353,1.50410151481628,0.891358375549316,0.617242217063904,0.242010593414307,0.223820000886917,-0.122659206390381,7.26205921173096,"Western Europe",7.13936233520508,10.7049169540405,44574.48828125,72.0495681762695,0.920177042484283,0.89337158203125,0.509860396385193,0.0103825805708766,0.533494234085083
"9","Azerbaijan",4.73459434509277,4.92278671264648,5.20060014724731,1.77556562423706,1.02401828765869,1.16089129447937,0.602876424789429,0.429843485355377,0.030907966196537,0.176491767168045,0.66334056854248,4.53725957870483,"Commonwealth of Independent States",5.20059490203857,9.68574523925781,16086.6533203125,62.9697494506836,0.779933214187622,0.735739469528198,0.10410862416029,0.00617749243974686,0.620859324932098
"10","Bahrain",6.23993301391602,5.54175615310669,6.10510015487671,1.74286127090454,1.33776962757111,1.36563968658447,0.698415517807007,0.594379961490631,0.24293951690197,0.123062886297703,0.28879976272583,5.81630039215088,"Middle East and North Africa",6.10506868362427,10.6934127807617,44064.6328125,65.9767913818359,0.86359828710556,0.874140799045563,0.510673224925995,0.0101229697465897,NA
"11","Bangladesh",NA,NA,4.50040006637573,1.66353559494019,0.532337546348572,0.849565088748932,0.578533232212067,0.57963240146637,0.152980029582977,0.143806591629982,-0.497479915618896,4.99787998199463,"South Asia",4.50039052963257,8.1066255569458,3316.3681640625,62.2035598754883,0.652717888355255,0.861735761165619,0.170758500695229,0.00809679459780455,0.681194186210632
"12","Belarus",5.71525287628174,5.56095552444458,5.48330020904541,1.68403768539429,1.0387806892395,1.49776136875153,0.700122237205505,0.307283222675323,0.100974969565868,0.154366195201874,-0.0339035987854004,5.51720380783081,"Commonwealth of Independent States",5.48332643508911,9.73315715789795,16867.72265625,66.0305099487305,0.917586326599121,0.632646799087524,0.21748723089695,0.00847428664565086,0.661701798439026
"13","Belgium",6.6009726524353,7.07634401321411,6.92689990997314,2.2150411605835,1.32352244853973,1.48287582397461,0.894324600696564,0.582692801952362,0.18803545832634,0.240393251180649,-0.0581493377685547,6.9850492477417,"Western Europe",6.9268856048584,10.6476554870605,42093.7890625,72.1429290771484,0.911503732204437,0.864310026168823,0.421579718589783,0.0109771750867367,0.502901017665863
"14","Belize",5.80354499816895,6.27570867538452,5.95559978485107,2.70978474617004,0.806729137897491,1.10088777542114,0.474332898855209,0.592750668525696,0.182559639215469,0.0886015668511391,NA,NA,"Latin America and Caribbean",5.95564651489258,8.98788261413574,8005.48828125,58.9239082336426,0.755414307117462,0.872770309448242,0.286091297864914,0.0227342881262302,0.783099353313446
"15","Benin",4.01471328735352,3.73155808448792,4.14139986038208,2.48081731796265,0.377803832292557,0.372498482465744,0.240425631403923,0.43974980711937,0.163235366344452,0.0668337047100067,0.47422456741333,3.66717529296875,"Sub-Saharan Africa",4.14136409759521,7.61031341552734,2018.91076660156,51.5617980957031,0.457777112722397,0.744072258472443,0.149063423275948,0.0084221139550209,0.823281526565552
"16","Bhutan",NA,NA,5.08209991455078,1.3482608795166,0.796362400054932,1.3346152305603,0.526566803455353,0.541495323181152,0.364007264375687,0.170820683240891,NA,NA,"South Asia",5.08212852478027,8.95458793640137,7743.33642578125,60.567943572998,0.850920915603638,0.829656422138214,0.563592195510864,0.0191324260085821,0.63132780790329
"17","Bolivia",NA,NA,5.75190019607544,2.46861743927002,0.751110255718231,1.22306048870087,0.508388459682465,0.605736494064331,0.141153305768967,0.0538231916725636,0.0294971466064453,5.72240304946899,"Latin America and Caribbean",5.75188970565796,8.80925273895264,6695.91357421875,59.9957885742188,0.805337011814117,0.88369345664978,0.209027826786041,0.00909545738250017,0.847298145294189
"18","Bosnia and Herzegovina",5.36141538619995,5.0039587020874,5.12939977645874,1.88259482383728,0.914917349815369,1.07805216312408,0.757558047771454,0.280308336019516,0.215923264622688,0,0.313358306884766,4.81604146957397,"Central and Eastern Europe",5.12935400009155,9.33534812927246,11331.572265625,67.8382720947266,0.74608314037323,0.609956622123718,0.363586843013763,0.00991212856024504,0.94665253162384
"19","Botswana",4.49582862854004,4.02079486846924,3.58979988098145,0.291650533676147,1.01657462120056,1.17361521720886,0.416565388441086,0.556795656681061,0.0423686727881432,0.092258557677269,-0.911104917526245,4.50090479850769,"Sub-Saharan Africa",3.58982872962952,9.66183853149414,15706.6357421875,57.1057052612305,0.785132467746735,0.842526435852051,0.119786821305752,0.00710709253326058,0.776348769664764
"20","Brazil",NA,NA,6.41890001296997,2.59202551841736,0.985896050930023,1.4743058681488,0.675137639045715,0.493463695049286,0.110258348286152,0.0878032743930817,-0.424095153808594,6.84299516677856,"Latin America and Caribbean",6.41889047622681,9.56330871582031,14232.861328125,65.2441329956055,0.908001840114594,0.789254188537598,0.217360466718674,0.00855716224759817,0.784572958946228
"21","Bulgaria",NA,NA,4.93310022354126,1.21879243850708,1.05443739891052,1.5152291059494,0.712353706359863,0.358757168054581,0.0642126351594925,0.00934199150651693,1.02084827423096,3.9122519493103,"Central and Eastern Europe",4.93312454223633,9.7834415435791,17737.591796875,66.4154891967773,0.924724042415619,0.675944566726685,0.162422731518745,0.00763319386169314,0.929407775402069
"22","Burkina Faso",4.14636516571045,4.08514642715454,4.42439985275269,2.14489603042603,0.313666790723801,1.09674203395844,0.254065334796906,0.311635315418243,0.175455018877983,0.12793080508709,0.482404232025146,3.94199562072754,"Sub-Saharan Africa",4.42439126968384,7.40432596206665,1643.07702636719,51.9911003112793,0.753720283508301,0.636307597160339,0.152457877993584,0.00802781898528337,0.710499942302704
"23","Burundi",NA,NA,2.90450000762939,1.75179350376129,0.090806245803833,0.626902341842651,0.145325094461441,0.0648504197597504,0.148904055356979,0.0759533494710922,-0.773024559020996,3.67752456665039,"Sub-Saharan Africa",2.90453505516052,6.68857002258301,803.172912597656,48.5685577392578,0.561732590198517,0.428722262382507,0.0543934032320976,0.00823575910180807,0.806447207927704
"24","Cambodia",NA,NA,4.4326000213623,1.32125425338745,0.548668622970581,1.08826005458832,0.456770122051239,0.696382701396942,0.256326526403427,0.0649257749319077,0.19366979598999,4.23893022537231,"Southeast Asia",4.43258810043335,8.15907573699951,3494.95483398438,58.3711280822754,0.750254333019257,0.959941327571869,0.336479425430298,0.00945529900491238,0.82680344581604
"25","Cameroon",5.12808036804199,4.55831384658813,4.97529983520508,2.68765068054199,0.53466135263443,0.890813171863556,0.182390257716179,0.453617990016937,0.182793661952019,0.0433999858796597,0.445079326629639,4.53022050857544,"Sub-Saharan Africa",4.9753270149231,8.114089012146,3341.21240234375,49.735164642334,0.669572830200195,0.755737602710724,0.22044625878334,0.00953288283199072,0.866538763046265
"26","Canada",7.21883678436279,7.4862756729126,7.32849979400635,2.30574989318848,1.33041179180145,1.53190982341766,0.895845651626587,0.653067052364349,0.320637285709381,0.290906965732574,-0.212795257568359,7.54129505157471,"North America and ANZ",7.32852840423584,10.6697816848755,43035.546875,72.190803527832,0.931540191173553,0.923505961894989,0.625681042671204,0.0150140384212136,0.409655749797821
"27","Central African Republic",NA,NA,3.08299994468689,2.48701143264771,0.0239054299890995,0,0.0101000545546412,0.305280297994614,0.218356087803841,0.0383443087339401,-0.484894990921021,3.56789493560791,"Sub-Saharan Africa",3.0829975605011,6.47370624542236,647.880493164062,44.3124198913574,0.305565357208252,0.630962014198303,0.167455777525902,0.0104317329823971,0.875871241092682
"28","Chad",4.33877325057983,4.01983261108398,4.30060005187988,2.55323266983032,0.357829451560974,0.907013118267059,0.0528424568474293,0.188905477523804,0.18081633746624,0.0599477216601372,0.295659065246582,4.0049409866333,"Sub-Saharan Africa",4.30058717727661,7.54616212844849,1893.4619140625,45.65771484375,0.67619252204895,0.533072292804718,0.171422481536865,0.00891311466693878,0.835992634296417
"29","Chile",6.49526929855347,6.42462968826294,6.47620010375977,2.5165913105011,1.13130509853363,1.33102059364319,0.808375120162964,0.431229501962662,0.197056353092194,0.0606111101806164,0.186398983001709,6.28980112075806,"Latin America and Caribbean",6.47618913650513,10.0303153991699,22704.431640625,69.4377136230469,0.849452078342438,0.736905336380005,0.387090563774109,0.0108068389818072,0.834768056869507
"30","China",NA,NA,5.24580001831055,1.58632707595825,0.989317059516907,1.14197683334351,0.799402475357056,0.596788108348846,0.0286510866135359,0.103335373103619,0.591510772705078,4.65428924560547,"East Asia",5.24579811096191,9.57429599761963,14390.103515625,69.1553039550781,0.772204279899597,0.876166462898254,0.0917000398039818,0.00348743167705834,NA
"31","Colombia",NA,NA,6.2600998878479,2.5563325881958,0.960427522659302,1.43882095813751,0.635055601596832,0.53142637014389,0.0985910594463348,0.0394277833402157,-0.0225353240966797,6.28263521194458,"Latin America and Caribbean",6.26008176803589,9.48151206970215,13115.001953125,63.9825706481934,0.893501877784729,0.82118684053421,0.191339626908302,0.00827096961438656,0.873871207237244
"33","Congo (Brazzaville)",4.42677211761475,4.2532434463501,4.55870008468628,2.04075503349304,0.681599318981171,0.810759425163269,0.34297451376915,0.513789057731628,0.0914930775761604,0.0773010477423668,0.738879203796387,3.81982088088989,"Sub-Saharan Africa",4.55867147445679,8.58600616455078,5356.17919921875,54.7894706726074,0.636860966682434,0.806351065635681,0.112148799002171,0.00698324758559465,0.803959429264069
"34","Congo (Kinshasa)",4.63606882095337,4.34163808822632,4.24490022659302,2.27395534515381,0.0692258551716805,1.13561642169952,0.204326674342155,0.312345266342163,0.197224453091621,0.052252110093832,0.261097431182861,3.98380279541016,"Sub-Saharan Africa",4.24494600296021,6.61926078796387,749.390930175781,50.4256019592285,0.769605278968811,0.636904776096344,0.123985461890697,0.00753286713734269,0.850198268890381
"35","Costa Rica",6.72584247589111,7.24890565872192,7.07170009613037,2.91054248809814,1.01008594036102,1.45889365673065,0.816699385643005,0.631519436836243,0.143298998475075,0.100614324212074,-0.175240516662598,7.24694061279297,"Latin America and Caribbean",7.07165431976318,9.64099884033203,15382.701171875,69.6997146606445,0.901704072952271,0.90538102388382,0.274674296379089,0.00966464914381504,0.760924518108368
"36","Croatia",5.36780786514282,5.52732419967651,5.32119989395142,1.76895713806152,1.11491966247559,1.16097056865692,0.737016618251801,0.380374670028687,0.120023772120476,0.0389480590820312,-0.197666645050049,5.51886653900146,"Central and Eastern Europe",5.3212103843689,9.97769069671631,21540.51171875,67.1917419433594,0.779965579509735,0.694128334522247,0.264014899730682,0.00938083976507187,0.874756753444672
"37","Cyprus",6.33744049072266,6.02605056762695,5.76249980926514,1.7736120223999,1.22881591320038,1.190749168396,0.909132301807404,0.422753512859344,0.202494576573372,0.0349761806428432,-0.772998332977295,6.53549814224243,"Western Europe",5.76253366470337,10.3434886932373,31054.1796875,72.6089935302734,0.792133808135986,0.729775667190552,0.422272145748138,0.0106305200606585,0.882088601589203
"38","Czech Republic",5.8801646232605,6.5085072517395,6.7108998298645,2.49379634857178,1.23346829414368,1.48931849002838,0.854075908660889,0.54264235496521,0.0639665722846985,0.0336368381977081,0.461287021636963,6.24961280822754,"Central and Eastern Europe",6.71090459823608,10.3584308624268,31521.6796875,70.8761215209961,0.914136350154877,0.830621242523193,0.206805914640427,0.00823170226067305,0.884560942649841
"39","Denmark",7.54674100875854,7.7056827545166,7.55530023574829,2.37017917633057,1.35115301609039,1.59045279026031,0.86793315410614,0.683250784873962,0.284391671419144,0.407916992902756,-0.253184795379639,7.80848503112793,"Western Europe",7.55527782440186,10.7363958358765,45999.9609375,71.3122711181641,0.955462276935577,0.948895275592804,0.579054057598114,0.0105848722159863,0.193662241101265
"41","Dominican Republic",5.23948526382446,5.13900518417358,5.30179977416992,1.46090364456177,0.98168158531189,1.44073498249054,0.614489912986755,0.578275084495544,0.119947083294392,0.105739913880825,0.297864437103271,5.00393533706665,"Latin America and Caribbean",5.30177211761475,9.54977321624756,14041.509765625,63.335277557373,0.894284009933472,0.860594034194946,0.230584472417831,0.0087859695777297,0.751462996006012
"42","Ecuador",6.294020652771,5.79023361206055,5.97319984436035,2.22807955741882,0.889164626598358,1.33014023303986,0.735578954219818,0.556145906448364,0.11391793191433,0.120153471827507,0.254607200622559,5.71859264373779,"Latin America and Caribbean",5.97318077087402,9.2526388168335,10432.0576171875,67.1464920043945,0.849092364311218,0.84197986125946,0.198478400707245,0.00839835498481989,0.724856436252594
"43","Egypt",5.27670478820801,4.46831941604614,4.41919994354248,1.44424867630005,0.885383725166321,1.02501952648163,0.553413391113281,0.312076687812805,0.0924183055758476,0.106616735458374,-0.401822566986084,4.82102251052856,"Middle East and North Africa",4.41917705535889,9.2404956817627,10306.1455078125,61.4129257202148,0.724412739276886,0.636678874492645,0.164250925183296,0.00749530643224716,0.749844431877136
"44","El Salvador",NA,NA,6.16680002212524,2.88355445861816,0.805826723575592,1.23068308830261,0.638641238212585,0.460673451423645,0.0650652423501015,0.0823368057608604,-0.0915546417236328,6.25835466384888,"Latin America and Caribbean",6.16678094863892,8.98498439788818,7982.3203125,64.0954284667969,0.808451771736145,0.761672377586365,0.101884640753269,0.0063556837849319,0.794663727283478
"45","Estonia",4.9975380897522,5.58785057067871,5.73920011520386,1.45713424682617,1.20002222061157,1.53241109848022,0.737265110015869,0.552792966365814,0.0857286900281906,0.173867464065552,0.444779872894287,5.29442024230957,"Central and Eastern Europe",5.73922157287598,10.251012802124,28311.201171875,67.1995620727539,0.931745052337646,0.839159548282623,0.232368931174278,0.00895491428673267,0.625703632831573
"46","Ethiopia",NA,NA,4.35020017623901,1.88353872299194,0.307929337024689,0.950279116630554,0.390917956829071,0.451902240514755,0.219598338007927,0.146037772297859,NA,NA,"Sub-Saharan Africa",4.35020351409912,7.38589906692505,1613.07739257812,56.2984657287598,0.693872034549713,0.754294395446777,0.220371320843697,0.00882690120488405,0.677075564861298
"47","Finland",7.66230392456055,7.49811363220215,7.63210010528564,2.59518623352051,1.30509531497955,1.59213423728943,0.874453663825989,0.68063348531723,0.191638067364693,0.392960995435715,0.100029945373535,7.53207015991211,"Western Europe",7.63210201263428,10.5884733200073,39674.87109375,71.5175018310547,0.956149339675903,0.94669371843338,0.421380996704102,0.0105291679501534,0.221270054578781
"48","France",6.35182952880859,6.69098663330078,6.48929977416992,2.0277533531189,1.2927850484848,1.46644556522369,0.908495008945465,0.520305931568146,0.0978379175066948,0.17569075524807,-0.208125591278076,6.697425365448,"Western Europe",6.48931360244751,10.5489368438721,38136.87109375,72.5889358520508,0.904789924621582,0.811832785606384,0.273441076278687,0.0095611996948719,0.622337937355042
"49","Gabon",4.58084487915039,4.29122400283813,4.75829982757568,1.71459817886353,1.03627717494965,1.16353261470795,0.404058188199997,0.356286913156509,0.0320363119244576,0.0515572726726532,NA,NA,"Sub-Saharan Africa",4.75834655761719,9.72511672973633,16732.642578125,56.7120475769043,0.78101247549057,0.67386668920517,0.107504159212112,0.00682144705206156,0.851480901241302
"50","Georgia",3.98762154579163,4.17405033111572,4.34049987792969,1.62398838996887,0.853284239768982,0.591945350170135,0.642591416835785,0.375448495149612,0.038494136184454,0.214739367365837,0.316639423370361,4.02386045455933,"Commonwealth of Independent States",4.34049129486084,9.13740253448486,9296.5859375,64.2197570800781,0.547448337078094,0.689984619617462,0.0720060095191002,0.00538298161700368,0.550256550312042
"51","Germany",6.36574506759644,6.75713920593262,6.96470022201538,2.1507568359375,1.33961987495422,1.47435283660889,0.860524952411652,0.586154520511627,0.273495316505432,0.279843032360077,0.369257926940918,6.59544229507446,"Western Europe",6.96474742889404,10.6993551254272,44327.26171875,71.0791015625,0.908021032810211,0.867221891880035,0.558219730854034,0.009022849611938,0.430079072713852
"52","Ghana",NA,NA,4.65700006484985,2.09320116043091,0.591718316078186,0.895752906799316,0.337242603302002,0.498528212308884,0.211772680282593,0.0287570431828499,0.0664029121398926,4.59059715270996,"Sub-Saharan Africa",4.65697288513184,8.29733753204346,4013.17309570312,54.6090621948242,0.671591341495514,0.793514251708984,0.277398496866226,0.00962194427847862,0.893568754196167
"53","Greece",5.28376293182373,5.53143692016602,5.35790014266968,1.94815969467163,1.1538006067276,1.20191442966461,0.878591656684875,0.130929097533226,0,0.0444650575518608,-0.581308364868164,5.93920850753784,"Western Europe",5.35786056518555,10.1025638580322,24405.501953125,71.6477432250977,0.796696245670319,0.484304934740067,0.0869945213198662,0.0057585178874433,0.864572703838348
"54","Guatemala",NA,NA,6.3818998336792,2.87071871757507,0.781324744224548,1.26767647266388,0.608414053916931,0.604297757148743,0.178806632757187,0.0706143602728844,-0.00352144241333008,6.38542127609253,"Latin America and Caribbean",6.38185262680054,8.90629196166992,7378.25146484375,63.14404296875,0.823568165302277,0.882483243942261,0.271144837141037,0.00965029466897249,0.81630265712738
"55","Guinea",3.95409297943115,3.83773851394653,3.9640998840332,1.94283223152161,0.343708038330078,0.792455911636353,0.211473703384399,0.394319534301758,0.185486078262329,0.0938246697187424,NA,NA,"Sub-Saharan Africa",3.96410012245178,7.50080871582031,1809.50524902344,50.6505508422852,0.629381716251373,0.705858170986176,0.173848122358322,0.00808224827051163,0.773457825183868
"56","Haiti",NA,NA,3.58200001716614,1.74365091323853,0.314747214317322,0.713609337806702,0.289200156927109,0.0248435996472836,0.392342329025269,0.103566206991673,-0.223927736282349,3.80592775344849,"Latin America and Caribbean",3.58195972442627,7.40779590606689,1648.78820800781,53.0969505310059,0.597163140773773,0.395070165395737,0.487097680568695,0.0148589480668306,0.755475521087646
"57","Honduras",NA,NA,5.50400018692017,2.32779932022095,0.619635105133057,1.20519328117371,0.622406959533691,0.458619654178619,0.19681079685688,0.0735804215073586,-0.268886566162109,5.77288675308228,"Latin America and Caribbean",5.5040454864502,8.38699722290039,4389.61669921875,63.5844612121582,0.79803603887558,0.759944796562195,0.260578572750092,0.0092360582202673,0.810827493667603
"58","Hong Kong S.A.R. of China",4.96258211135864,5.63391017913818,5.43039989471436,0.643622398376465,1.40506184101105,1.28998160362244,1.02965033054352,0.524216651916504,0.246465057134628,0.291430532932281,0.0375881195068359,5.39281177520752,"East Asia",5.43042850494385,10.9095335006714,54695.32421875,NA,0.832682549953461,0.815122306346893,0.533378481864929,0.0131668830290437,0.408689230680466
"59","Hungary",5.27191066741943,5.11578845977783,5.61999988555908,1.97410273551941,1.17103612422943,1.40131711959839,0.731545448303223,0.25900799036026,0.0607123300433159,0.0222604759037495,0.81028413772583,4.80971574783325,"Central and Eastern Europe",5.61998224258423,10.1579189300537,25794.560546875,67.0195388793945,0.878176927566528,0.59203964471817,0.186147883534431,0.00813281256705523,0.905561029911041
"60","Iceland",7.4268536567688,7.43833684921265,7.49520015716553,2.42598962783813,1.34330129623413,1.64437806606293,0.9138023853302,0.676502168178558,0.353233218193054,0.138018980622292,0.606941699981689,6.88825845718384,"Western Europe",7.49522590637207,10.7111787796021,44854.48046875,72.7559814453125,0.977497398853302,0.943218648433685,0.6848184466362,0.014124876819551,0.691877782344818
"61","India",4.54890012741089,4.60874223709106,4.18979978561401,1.43179965019226,0.721260070800781,0.747142851352692,0.484927713871002,0.539312422275543,0.172187522053719,0.0931819081306458,-0.697626113891602,4.88742589950562,"South Asia",4.18981218338013,8.71338367462158,6083.79345703125,59.2573738098145,0.610865712165833,0.827820241451263,0.246470808982849,0.00567455682903528,0.774644315242767
"62","Indonesia",NA,NA,5.09259986877441,1.41675519943237,0.899046778678894,1.21457231044769,0.522390305995941,0.538158118724823,0.484024584293365,0.0176312141120434,-0.160397052764893,5.25299692153931,"Southeast Asia",5.09257841110229,9.2843770980835,10768.4638671875,60.4364891052246,0.801868557929993,0.826849281787872,0.775615572929382,0.00914787780493498,0.914106369018555
"63","Iran",NA,NA,4.70660018920898,1.31486439704895,1.05853426456451,0.771397829055786,0.690756142139435,0.459353893995285,0.282385379076004,0.129270076751709,-0.422426223754883,5.12902641296387,"Middle East and North Africa",4.70656204223633,9.79659938812256,17972.5234375,65.7357177734375,0.620776891708374,0.760562419891357,0.504222810268402,0.0115837408229709,0.708027720451355
"64","Iraq",5.00343704223633,4.67825937271118,4.45559978485107,1.39262914657593,1.00986647605896,0.971212029457092,0.535986959934235,0.303684383630753,0.147654816508293,0.0946055576205254,-0.398876190185547,4.85447597503662,"Middle East and North Africa",4.45563936233521,9.64029407501221,15371.86328125,60.8644371032715,0.702425718307495,0.629619598388672,0.278833270072937,0.0103062829002738,0.77201634645462
"65","Ireland",6.91560840606689,7.10391807556152,6.97709989547729,1.84429788589478,1.44758212566376,1.58263492584229,0.876285493373871,0.613965392112732,0.306510478258133,0.305818885564804,-0.362651824951172,7.33975172042847,"Western Europe",6.97709512710571,11.0460948944092,62698.6328125,71.5751571655273,0.952267706394196,0.890615284442902,0.636513769626617,0.0103921974077821,0.382129222154617
"66","Israel",6.92109203338623,7.34826231002808,7.19000005722046,2.81672668457031,1.24382412433624,1.43291044235229,0.888351380825043,0.464047759771347,0.262455672025681,0.0816827490925789,-0.13441276550293,7.32441282272339,"Middle East and North Africa",7.18999862670898,10.3916902542114,32587.701171875,71.9549255371094,0.89108669757843,0.764510691165924,0.516909897327423,0.0100358547642827,0.795871078968048
"67","Italy",5.95963764190674,6.213463306427,6.00040006637573,1.8431191444397,1.26414048671722,1.50064933300018,0.946430563926697,0.281019121408463,0.136545360088348,0.0284510347992182,-0.488899707794189,6.48929977416992,"Western Europe",6.00035524368286,10.4569396972656,34784.9375,73.7829360961914,0.918766438961029,0.61055451631546,0.326457053422928,0.0102574145421386,0.894133627414703
"68","Ivory Coast",3.90827345848083,4.26647853851318,4.67119979858398,2.46267509460449,0.540813088417053,0.871533334255219,0.0803210958838463,0.466516643762589,0.146393358707428,0.102956160902977,0.474027156829834,4.19717264175415,"Sub-Saharan Africa",4.67120885848999,8.13384628295898,3407.88208007812,46.522590637207,0.661694645881653,0.766587436199188,0.160901173949242,0.00828256271779537,0.756601631641388
"69","Jamaica",NA,NA,5.88980007171631,2.18181896209717,0.818555355072021,1.49314963817596,0.693395674228668,0.575272679328918,0.0962750315666199,0.0312916487455368,NA,NA,"Latin America and Caribbean",5.8897590637207,9.02586460113525,8315.400390625,65.8187942504883,0.915701866149902,0.858068525791168,0.156673923134804,0.0188669301569462,0.888890027999878
"70","Japan",6.45660543441772,6.02463436126709,5.91499996185303,1.39003467559814,1.29421126842499,1.46160185337067,0.987902402877808,0.553002715110779,0.0786065086722374,0.149674996733665,-0.0117287635803223,5.92672872543335,"East Asia",5.91503429412842,10.5535173416138,38311.95703125,75.0882415771484,0.90281069278717,0.839335978031158,0.245056107640266,0.00945269037038088,0.670361459255219
"71","Jordan",5.34547758102417,5.47118234634399,5.16069984436035,1.69741082191467,0.821585595607758,1.26498186588287,0.644879877567291,0.467821836471558,0.129848301410675,0.134173959493637,-0.453327178955078,5.61402702331543,"Middle East and North Africa",5.16070222854614,9.03559684753418,8396.7236328125,64.2917861938477,0.822467088699341,0.767685294151306,0.20645546913147,0.00826621055603027,NA
"72","Kazakhstan",5.34218788146973,5.78180408477783,5.79010009765625,1.77773475646973,1.14262199401855,1.51647770404816,0.631318390369415,0.453601986169815,0.147593170404434,0.120705299079418,0.197290897369385,5.59280920028687,"Commonwealth of Independent States",5.79005336761475,10.0666618347168,23544.8359375,63.8649444580078,0.925234258174896,0.755724132061005,0.314800053834915,0.00980279874056578,0.723837792873383
"73","Kenya",4.16745185852051,4.31016111373901,4.4096999168396,1.50298500061035,0.493055075407028,1.04794943332672,0.454412162303925,0.503699600696564,0.35246929526329,0.0551365092396736,0.276046276092529,4.13365364074707,"Sub-Saharan Africa",4.40970706939697,7.9804630279541,2923.28442382812,58.2969131469727,0.733782470226288,0.797864198684692,0.469630509614944,0.0111225675791502,0.84487384557724
"74","Kosovo",5.72599124908447,5.51015615463257,5.66209983825684,2.25491380691528,0.85480397939682,1.22978484630585,0.577671647071838,0.448167085647583,0.273846745491028,0.022960901260376,0.135727882385254,5.52637195587158,"Central and Eastern Europe",5.66214895248413,9.14228343963623,9342.0732421875,NA,0.808084726333618,0.751152515411377,0.429290354251862,0.0102172270417213,0.904268085956573
"75","Kuwait",6.20734214782715,6.51762628555298,6.08339977264404,1.80519390106201,1.47371482849121,1.30149006843567,0.675150752067566,0.554281115531921,0.167375072836876,0.106181211769581,-0.608523368835449,6.69192314147949,"Middle East and North Africa",6.08338689804077,11.1300249099731,68188.0703125,65.2445449829102,0.837385177612305,0.840411305427551,0.425504118204117,0.00938935577869415,NA
"76","Kyrgyzstan",4.74958038330078,5.07362031936646,5.13079977035522,1.7358877658844,0.529648721218109,1.41638851165771,0.593676209449768,0.539891123771667,0.280681848526001,0.0345802120864391,0.196397304534912,4.93440246582031,"Commonwealth of Independent States",5.1307544708252,8.09799003601074,3287.85302734375,62.68017578125,0.884335458278656,0.828307032585144,0.368075966835022,0.0107598705217242,0.882819533348083
"77","Laos",NA,NA,4.62309980392456,1.39944052696228,0.719760537147522,1.0335282087326,0.440834879875183,0.626212656497955,0.22968578338623,0.173678115010262,-0.420958042144775,5.04405784606934,"Southeast Asia",4.62314081192017,8.70856761932373,6054.56396484375,57.8695755004883,0.727889597415924,0.900917172431946,0.371115684509277,0.0193285178393126,0.626053154468536
"78","Latvia",4.72754859924316,5.45312070846558,5.93310022354126,2.1389856338501,1.14800405502319,1.45431220531464,0.670852482318878,0.362944930791855,0.0916519463062286,0.0663347020745277,1.02639579772949,4.90670442581177,"Central and Eastern Europe",5.93308591842651,10.0839471817017,23955.35546875,65.109260559082,0.89983195066452,0.679467141628265,0.228871494531631,0.0083392197266221,0.824202656745911
"79","Lebanon",5.11641263961792,5.057288646698,5.19890022277832,1.7707347869873,0.964538931846619,1.16640365123749,0.78543347120285,0.291652321815491,0.186524346470833,0.033602774143219,0.184722900390625,5.0141773223877,"Middle East and North Africa",5.198890209198,9.49471664428711,13289.3291015625,68.7156372070312,0.782185673713684,0.619498729705811,0.329722315073013,0.00978050474077463,0.884623825550079
"80","Lesotho",NA,NA,3.80819988250732,1.39174151420593,0.472479820251465,1.21494603157043,0.0789806246757507,0.422942072153091,0.115610152482986,0.111504606902599,NA,NA,"Sub-Saharan Africa",3.80820488929749,7.914381980896,2736.35498046875,46.4804000854492,0.802021265029907,0.729934275150299,0.0975478291511536,0.0111654559150338,0.740821719169617
"81","Liberia",4.47901821136475,3.89739084243774,3.49539995193481,1.64009940624237,0.0757279470562935,0.858432471752167,0.266598582267761,0.418888568878174,0.205607309937477,0.0300216004252434,-0.713324785232544,4.20872473716736,"Sub-Saharan Africa",3.49537587165833,6.64014339447021,765.204711914062,52.3855781555176,0.656341314315796,0.726524651050568,0.140305057168007,0.0072221402078867,0.891234457492828
"82","Libya",5.18677616119385,5.64703798294067,5.5657000541687,1.91840767860413,0.985146284103394,1.3498409986496,0.552684605121613,0.495923817157745,0.115527398884296,0.148204535245895,NA,NA,"Middle East and North Africa",5.56573534011841,9.56090068817139,14198.62890625,61.3899879455566,0.857142567634583,0.79132354259491,0.245409578084946,0.00985004566609859,0.67307585477829
"83","Lithuania",5.03629493713379,5.73947858810425,5.95190000534058,2.13000988960266,1.1968435049057,1.52713596820831,0.715528428554535,0.349856346845627,0.0261604525148869,0.00635549519211054,0.659889698028564,5.29201030731201,"Central and Eastern Europe",5.95188999176025,10.2408037185669,28023.640625,66.5154113769531,0.929589509963989,0.668457567691803,0.139114007353783,0.00716166291385889,0.93492066860199
"84","Luxembourg",6.80242776870728,7.0449047088623,6.90990018844604,1.76855087280273,1.57607924938202,1.52007114887238,0.896179437637329,0.632019996643066,0.196052372455597,0.320991516113281,-0.140908241271973,7.05080842971802,"Western Europe",6.90994453430176,11.4587860107422,94730,72.2013092041016,0.926702618598938,0.905802071094513,0.496345549821854,0.0112986816093326,0.354121446609497
"85","Macedonia",4.97039318084717,4.89811849594116,5.18480014801025,1.67538022994995,0.959345459938049,1.23932206630707,0.690588176250458,0.394488453865051,0.173220634460449,0.0524614118039608,0.880183219909668,4.30461692810059,"Central and Eastern Europe",5.18480634689331,9.47803688049316,13069.50390625,65.7304306030273,0.811981856822968,0.70600026845932,0.307578921318054,0.00978478789329529,0.849811911582947
"86","Madagascar",NA,NA,3.77360010147095,1.77768576145172,0.262341797351837,0.90765506029129,0.401769191026688,0.221069887280464,0.154574885964394,0.0485328026115894,-0.866449594497681,4.64004969596863,"Sub-Saharan Africa",3.77362942695618,7.23948669433594,1393.37854003906,56.6400032043457,0.676454842090607,0.560127675533295,0.105848133563995,0.00684563210234046,0.857063889503479
"87","Malawi",4.33848667144775,4.08702278137207,3.58680009841919,1.73236680030823,0.186077579855919,0.541424989700317,0.305785357952118,0.530539453029633,0.210318148136139,0.080250546336174,-1.5614767074585,5.14827680587769,"Sub-Saharan Africa",3.58676290512085,6.99455070495605,1090.67358398438,53.6189613342285,0.526804506778717,0.820440769195557,0.17348401248455,0.00793320778757334,0.798514842987061
"88","Malaysia",5.46012496948242,5.84406185150146,6.3221001625061,2.50668621063232,1.16131436824799,1.2582391500473,0.669138252735138,0.356154173612595,0.31143319606781,0.0591556914150715,0.732593059539795,5.58950710296631,"Southeast Asia",6.32212114334106,10.1266956329346,25001.61328125,65.055305480957,0.819711863994598,0.673755049705505,0.574268162250519,0.0201786998659372,0.837454676628113
"89","Mali",4.47740459442139,4.17140579223633,4.44700002670288,2.12950968742371,0.36980339884758,1.23317778110504,0.151986956596375,0.367292195558548,0.139344662427902,0.0558987036347389,0.495826721191406,3.95117330551147,"Sub-Saharan Africa",4.44701337814331,7.58461856842041,1967.69592285156,48.7782363891602,0.809471189975739,0.683123886585236,0.111183062195778,0.00682248314842582,0.843466877937317
"90","Malta",6.50605344772339,6.31713104248047,6.62659978866577,1.78375196456909,1.27020072937012,1.52489638328552,0.884366869926453,0.645338833332062,0.375807523727417,0.142246946692467,0.66663122177124,5.95996856689453,"Western Europe",6.62660932540894,10.4764032363892,35468.60546875,71.8295135498047,0.928674340248108,0.917005300521851,0.701128482818604,0.0102558024227619,0.684073209762573
"91","Mauritania",4.73343658447266,4.51169919967651,4.35550022125244,1.90533924102783,0.557027459144592,1.2450258731842,0.292034029960632,0.128533661365509,0.134179458022118,0.0933228507637978,-0.205923557281494,4.56142377853394,"Sub-Saharan Africa",4.35546255111694,8.18592166900635,3590.05102539062,53.1861457824707,0.81431257724762,0.482289999723434,0.147491633892059,0.00810010079294443,0.774384140968323
"92","Mauritius",NA,NA,5.8914999961853,1.85121202468872,1.09013974666595,1.3874260187149,0.683879315853119,0.583902835845947,0.245021834969521,0.0498871579766273,NA,NA,"Sub-Saharan Africa",5.89146900177002,9.89810562133789,19892.650390625,65.5192718505859,0.872500658035278,0.865327894687653,0.451298952102661,0.0130704203620553,0.85456383228302
"93","Mexico",7.0312294960022,6.82993221282959,6.48820018768311,2.79451036453247,1.03823459148407,1.25223314762115,0.76066267490387,0.479180783033371,0.0686844512820244,0.0947043001651764,-0.376495838165283,6.86469602584839,"Latin America and Caribbean",6.48821020126343,9.73140335083008,16838.166015625,67.9359893798828,0.817257642745972,0.777239978313446,0.165230244398117,0.00824490375816822,0.771834075450897
"94","Moldova",5.18672132492065,5.63199234008789,5.63969993591309,2.65876317024231,0.656608581542969,1.3006945848465,0.620221078395844,0.232162684202194,0.17094849050045,0.000325575936585665,0.0907645225524902,5.5489354133606,"Commonwealth of Independent States",5.63972425460815,8.50574398040771,4943.08056640625,63.5156631469727,0.837060153484344,0.569458484649658,0.228209421038628,0.00844167824834585,0.94605153799057
"95","Mongolia",NA,NA,5.12459993362427,1.43815112113953,0.914174377918243,1.51724553108215,0.575362205505371,0.395128399133682,0.252841472625732,0.0317130275070667,0.58497953414917,4.5396203994751,"East Asia",5.12461614608765,9.33296203613281,11304.56640625,62.1037521362305,0.925548017024994,0.706538558006287,0.420851588249207,0.00987089425325394,0.888112187385559
"96","Montenegro",5.18113279342651,5.2376446723938,5.34749984741211,1.86953973770142,1.01727843284607,1.27939319610596,0.729212582111359,0.25927010178566,0.11140763014555,0.0814469009637833,0.220958232879639,5.12654161453247,"Central and Eastern Europe",5.34754848480225,9.66409873962402,15742.17578125,66.9461135864258,0.82835590839386,0.592260122299194,0.225287452340126,0.00887553952634335,0.796306431293488
"97","Morocco",NA,NA,5.2536997795105,2.44786643981934,0.778792440891266,0.797342300415039,0.668939471244812,0.460116356611252,0.0263964496552944,0.0742597579956055,0.870465755462646,4.38323402404785,"Middle East and North Africa",5.25371313095093,8.89815902709961,7318.48779296875,65.0490493774414,0.631378412246704,0.761203765869141,0.0355939976871014,0.00319480383768678,0.809573471546173
"98","Mozambique",NA,NA,4.41660022735596,2.24931979179382,0.198004320263863,0.901896715164185,0.172653317451477,0.530865669250488,0.205627605319023,0.158241420984268,-0.236974239349365,4.65357446670532,"Sub-Saharan Africa",4.4166088104248,7.03285551071167,1133.26208496094,49.4286994934082,0.674101829528809,0.820715188980103,0.168333515524864,0.00998163130134344,0.654548346996307
"99","Myanmar",NA,NA,4.30779981613159,0.667343139648438,0.682132005691528,1.17367851734161,0.429392069578171,0.579642117023468,0.597568035125732,0.178058266639709,NA,NA,"Southeast Asia",4.30781412124634,8.58771705627441,5365.35107421875,57.5094184875488,0.785158336162567,0.861743927001953,0.89988648891449,0.00621222611516714,0.617967665195465
"100","Namibia",NA,NA,4.44129991531372,1.28662586212158,0.873821794986725,1.28135228157043,0.365403980016708,0.519291520118713,0.0506284311413765,0.0641822442412376,NA,NA,"Sub-Saharan Africa",4.44130611419678,9.20336246490479,9930.4638671875,55.4954261779785,0.829156398773193,0.81097948551178,0.0981812626123428,0.0115689691156149,0.828175961971283
"101","Nepal",4.73981428146362,4.57349538803101,4.88040018081665,1.78218007087708,0.425378203392029,1.22822797298431,0.53862863779068,0.526130676269531,0.302018612623215,0.0778836533427238,0.310854911804199,4.56954526901245,"South Asia",4.88044786453247,7.76310682296753,2352.201171875,60.947582244873,0.80744856595993,0.816732287406921,0.381380349397659,0.0110914194956422,0.802883982658386
"102","Netherlands",6.94450855255127,7.4923152923584,7.44129991531372,2.44842529296875,1.36090898513794,1.48827695846558,0.877710044384003,0.638065040111542,0.333357572555542,0.294594615697861,-0.125106334686279,7.56640625,"Western Europe",7.44133853912354,10.767728805542,47464.09375,71.6199951171875,0.91371077299118,0.910886883735657,0.65676873922348,0.0104455128312111,0.402848541736603
"103","New Zealand",7.28639125823975,7.32622575759888,7.3238000869751,2.15616798400879,1.26801609992981,1.6006246805191,0.876075565814972,0.668867230415344,0.365170270204544,0.388840347528458,0.0214948654174805,7.30230522155762,"North America and ANZ",7.32376194000244,10.4693870544434,35220.62109375,71.5685501098633,0.959618747234344,0.936796426773071,0.682524621486664,0.0115515682846308,0.228876605629921
"104","Nicaragua",NA,NA,6.14099979400635,2.59045147895813,0.668299376964569,1.3194842338562,0.699841558933258,0.526742875576019,0.207668080925941,0.12847875058651,0.76044225692749,5.38055753707886,"Latin America and Caribbean",6.14096641540527,8.54329109191895,5132.20703125,66.0216751098633,0.844738066196442,0.817247271537781,0.292489469051361,0.00961091555655003,0.709488451480865
"105","Niger",4.05729293823242,4.13566493988037,4.16550016403198,2.28271961212158,0.131352782249451,0.866567730903625,0.220829218626022,0.389786452054977,0.175356820225716,0.0989039167761803,-0.0355825424194336,4.20108270645142,"Sub-Saharan Africa",4.16551637649536,6.81879234313965,914.879455566406,50.945011138916,0.659665584564209,0.702045142650604,0.107465870678425,0.00639310805127025,0.764081835746765
"106","Nigeria",5.09028434753418,5.10535526275635,5.15539979934692,2.55215382575989,0.689119935035706,1.1717095375061,0.0477200746536255,0.461857050657272,0.201041728258133,0.0317503549158573,0.262810707092285,4.89258909225464,"Sub-Saharan Africa",5.15535259246826,8.6101598739624,5487.1259765625,45.4964904785156,0.784353792667389,0.762667953968048,0.28479078412056,0.0104367984458804,0.888043284416199
"107","North Cyprus",5.44294118881226,5.88641262054443,5.83479976654053,1.65875148773193,1.22881591320038,1.21101057529449,0.909132301807404,0.494896501302719,0.178680941462517,0.153538778424263,NA,NA,"Western Europe",5.83482646942139,NA,NA,NA,0.800413131713867,0.790459394454956,0.381759911775589,0.0134715773165226,0.663229167461395
"108","Norway",7.43496084213257,7.60120725631714,7.59369993209839,2.38324165344238,1.45562672615051,1.58233964443207,0.860762715339661,0.686420261859894,0.285636305809021,0.339687198400497,-0.0385727882385254,7.63227272033691,"Western Europe",7.59371471405029,11.0719318389893,64339.6796875,71.0865859985352,0.952147006988525,0.951561331748962,0.625536561012268,0.0108376415446401,0.319610327482224
"110","Pakistan",4.98960638046265,5.24120759963989,5.47249984741211,2.92302131652832,0.652440428733826,0.809543192386627,0.423742711544037,0.334344774484634,0.216079860925674,0.113293156027794,0.47022008895874,5.00227975845337,"South Asia",5.47246551513672,8.49235725402832,4877.349609375,57.3316078186035,0.636363983154297,0.655409872531891,0.298179924488068,0.00900828558951616,0.737520158290863
"111","Palestinian Territories",4.68851566314697,4.63289928436279,4.74329996109009,1.85314726829529,0.642410695552826,1.21677112579346,0.6024050116539,0.266158401966095,0.0859548300504684,0.0764569342136383,0.197306632995605,4.54599332809448,"Middle East and North Africa",4.74330425262451,8.46014499664307,4722.74267578125,62.9549102783203,0.802767038345337,0.59805428981781,0.0860627666115761,0.00603844411671162,0.805517613887787
"112","Panama",6.33550214767456,6.84207391738892,6.42999982833862,2.33618021011353,1.11220049858093,1.43839037418365,0.758799850940704,0.596867084503174,0.124509714543819,0.0630914345383644,-0.665175914764404,7.09517574310303,"Latin America and Caribbean",6.4300389289856,9.96895790100098,21353.220703125,67.8773574829102,0.893325924873352,0.876232862472534,0.271135360002518,0.00973330996930599,0.830189526081085
"113","Paraguay",5.89885520935059,5.61003112792969,5.6806001663208,1.93228054046631,0.834580302238464,1.5220855474472,0.615015685558319,0.540538311004639,0.162014126777649,0.0740457102656364,0.018394947052002,5.6622052192688,"Latin America and Caribbean",5.68056011199951,9.07733154296875,8754.5732421875,63.3518257141113,0.927525758743286,0.828851401805878,0.258835464715958,0.0111651821061969,0.809968590736389
"114","Peru",NA,NA,5.66319990158081,2.15094256401062,0.933516442775726,1.2489777803421,0.674034237861633,0.529976725578308,0.0915544629096985,0.0341666489839554,0.242562294006348,5.42063760757446,"Latin America and Caribbean",5.66316890716553,9.39508247375488,12029.08203125,65.2094039916992,0.815927445888519,0.819967448711395,0.17581282556057,0.00827096123248339,0.883582949638367
"115","Philippines",NA,NA,5.52409982681274,2.05579328536987,0.77534019947052,1.31237256526947,0.512647867202759,0.642839789390564,0.119924291968346,0.105176493525505,0.720180034637451,4.80391979217529,"Southeast Asia",5.524094581604,8.88707160949707,7237.79296875,60.1298522949219,0.841832041740417,0.914903223514557,0.179394483566284,0.00835449621081352,0.752503037452698
"116","Poland",5.64927673339844,5.86891031265259,6.1230001449585,2.00166320800781,1.17554104328156,1.44783234596252,0.780831038951874,0.545728802680969,0.107574678957462,0.0638600885868073,0.275109767913818,5.84789037704468,"Central and Eastern Europe",6.12303113937378,10.1723871231079,26170.474609375,68.5707778930664,0.897184133529663,0.833217442035675,0.259615868330002,0.0091014327481389,0.828770637512207
"117","Portugal",5.68757724761963,5.24388694763184,5.41039991378784,1.27622556686401,1.18751454353333,1.42946827411652,0.883593618869781,0.562037467956543,0.05491117015481,0.0166215822100639,0.108314514160156,5.30208539962769,"Western Europe",5.41037225723267,10.2108421325684,27196.4609375,71.80517578125,0.889680147171021,0.846935629844666,0.182340502738953,0.00827416870743036,0.915970087051392
"118","Qatar",6.39496231079102,6.96196126937866,6.37449979782104,1.59306335449219,1.64905393123627,1.30331683158875,0.748002648353577,0.654051005840302,0.256496638059616,0.170544922351837,-0.186820030212402,6.56131982803345,"Middle East and North Africa",6.37452936172485,11.6931571960449,119749.484375,67.5375213623047,NA,NA,NA,NA,NA
"119","Romania",NA,NA,5.94519996643066,2.26859521865845,1.11562395095825,1.21884047985077,0.726384043693542,0.527521133422852,0.0875548273324966,0.000692288798745722,0.806694030761719,5.13850593566895,"Central and Eastern Europe",5.94521188735962,9.97995281219482,21589.29296875,66.8570861816406,0.803612589836121,0.817901909351349,0.214329153299332,0.0088590094819665,0.945374608039856
"120","Russia",5.54762983322144,5.55546760559082,5.80970001220703,2.09128952026367,1.15109670162201,1.47903835773468,0.598529040813446,0.39928874373436,0.0650565624237061,0.0253718998283148,0.422250747680664,5.38744926452637,"Commonwealth of Independent States",5.80967092514038,10.093879699707,24194.478515625,62.8329162597656,0.909935653209686,0.710038065910339,0.188827589154243,0.0060225622728467,0.899817526340485
"121","Rwanda",3.89863467216492,3.70313382148743,3.40809988975525,0.499957799911499,0.33232781291008,0.895639598369598,0.400057256221771,0.635907590389252,0.199709638953209,0.444492012262344,-0.787680387496948,4.1957802772522,"Sub-Saharan Africa",3.40809178352356,7.46425914764404,1744.56262207031,56.5861206054688,0.671545028686523,0.909072160720825,0.193597957491875,0.0100634340196848,0.12614694237709
"122","Saudi Arabia",6.1546425819397,6.57194042205811,6.37090015411377,2.29334497451782,1.37876451015472,1.33127129077911,0.633422315120697,0.508955597877502,0.098344124853611,0.126835703849792,0.0160613059997559,6.35483884811401,"Middle East and North Africa",6.37093830108643,10.8250751495361,50265.546875,63.9311637878418,0.849554538726807,0.802285313606262,0.29694277048111,0.0105206547304988,NA
"123","Senegal",4.51377534866333,4.34531879425049,4.63110017776489,2.0258457660675,0.428906142711639,1.1174556016922,0.433223307132721,0.405548244714737,0.137994185090065,0.08212511241436,0.167741298675537,4.46335887908936,"Sub-Saharan Africa",4.63109827041626,7.77443742752075,2379.00463867188,57.6300048828125,0.762184321880341,0.715303301811218,0.12219212949276,0.00678857695311308,0.795054495334625
"124","Serbia",5.03584623336792,5.02357339859009,5.39820003509521,1.90470457077026,0.974698424339294,1.36926162242889,0.684971570968628,0.287865787744522,0.133780434727669,0.0428980737924576,0.977624893188477,4.42057514190674,"Central and Eastern Europe",5.39818048477173,9.52734565734863,13730.0986328125,65.5536499023438,0.865078270435333,0.616313636302948,0.250889658927917,0.00910919718444347,0.867465257644653
"125","Sierra Leone",4.58299875259399,4.28655862808228,4.5706000328064,2.854811668396,0.25615593791008,0.813196539878845,0,0.355181574821472,0.238217696547508,0.0530226714909077,1.00566744804382,3.56493258476257,"Sub-Saharan Africa",4.57058620452881,7.21961975097656,1365.96960449219,43.9945259094238,0.637856841087341,0.672936916351318,0.235969975590706,0.00906904879957438,0.848775863647461
"126","Singapore",6.60696840286255,6.5393967628479,6.34320020675659,1.00501585006714,1.52929365634918,1.45116543769836,1.00800096988678,0.631345570087433,0.261410057544708,0.456969857215881,-0.164323329925537,6.50752353668213,"Southeast Asia",6.34320116043091,11.3085260391235,81513.671875,75.720832824707,0.898546099662781,0.905234754085541,0.588738441467285,0.010899631306529,0.103113576769829
"127","Slovakia",5.74710178375244,6.06730937957764,6.17339992523193,2.16540050506592,1.20988953113556,1.53704690933228,0.77614039182663,0.353522151708603,0.117602199316025,0.0138204284012318,0.121199131011963,6.05220079421997,"Central and Eastern Europe",6.17342233657837,10.2827033996582,29222.767578125,68.4231414794922,0.933639347553253,0.671541094779968,0.285165846347809,0.00942919496446848,0.921140849590302
"128","Slovenia",5.70321035385132,5.97448062896729,5.9475998878479,1.52228116989136,1.21904361248016,1.50639021396637,0.856209993362427,0.63292533159256,0.159796267747879,0.05095100030303,-0.050133228302002,5.9977331161499,"Central and Eastern Europe",5.94759750366211,10.3121032714844,30094.66796875,70.9432907104492,0.921112298965454,0.906563580036163,0.351247757673264,0.0105483112856746,0.852600038051605
"129","Somaliland region",4.90002679824829,4.88727235794067,4.98150014877319,2.96051001548767,0,0.711924612522125,0.115404523909092,0.67361968755722,0.23798294365406,0.282091856002808,NA,NA,"Sub-Saharan Africa",4.98153352737427,NA,NA,47.626823425293,0.596474707126617,0.940793991088867,0.175083294510841,0.00916814524680376,0.425927847623825
"130","South Africa",4.78436756134033,4.82614278793335,4.72399997711182,1.36805033683777,0.939913749694824,1.41044843196869,0.32999050617218,0.516484677791595,0.103360451757908,0.0557455532252789,-0.348079681396484,5.0720796585083,"Sub-Saharan Africa",4.72399377822876,9.41562843322754,12278.787109375,54.3808059692383,0.881908178329468,0.808618485927582,0.194970846176147,0.0085071437060833,0.843749582767487
"131","South Korea",NA,NA,5.87489986419678,1.97962689399719,1.26630747318268,1.20415663719177,0.954651772975922,0.244194462895393,0.174520090222359,0.051438607275486,0.158480644226074,5.7164192199707,"East Asia",5.87489604949951,10.4638996124268,35027.87890625,74.0416946411133,0.797612428665161,0.57957911491394,0.389888554811478,0.010990216396749,0.851699948310852
"132","South Sudan",3.92453241348267,3.3703019618988,3.25419998168945,1.69062519073486,0.337370008230209,0.607501745223999,0.177460104227066,0.111604116857052,0.223926246166229,0.105674624443054,NA,NA,"Sub-Saharan Africa",3.25416207313538,7.48045301437378,1773.04382324219,49.5799903869629,0.5538050532341,0.468049556016922,0.255653291940689,0.00973955821245909,0.751583516597748
"133","Spain",6.10747814178467,6.53102588653564,6.30989980697632,1.89232301712036,1.25081467628479,1.53764295578003,0.9648756980896,0.448841243982315,0.141555830836296,0.0738247558474541,-0.247976303100586,6.5578761100769,"Western Europe",6.3098783493042,10.4141416549683,33327.6171875,74.3634872436523,0.933882892131805,0.75171959400177,0.33133590221405,0.010755168274045,0.810376465320587
"134","Sri Lanka",NA,NA,4.47060012817383,0.623762369155884,0.917850196361542,1.31435775756836,0.671899437904358,0.585125803947449,0.307415723800659,0.0501836724579334,0.26489782333374,4.20570230484009,"South Asia",4.47059488296509,9.34476757049561,11438.8134765625,65.1422119140625,0.842643260955811,0.866356611251831,0.514083564281464,0.0135010331869125,0.854016482830048
"135","Sudan",4.32499933242798,4.38544511795044,4.13870000839233,1.74954724311829,0.605020046234131,1.24004352092743,0.312173068523407,0.0162349790334702,0.13390251994133,0.0817515254020691,-0.306270122528076,4.44497013092041,"Sub-Saharan Africa",4.13867282867432,8.34005832672119,4188.333984375,53.820011138916,0.812276661396027,0.387828946113586,0.157809615135193,0.0132122179493308,0.795744121074677
"136","Sweden",7.18363809585571,7.37896680831909,7.3144998550415,2.21685838699341,1.3554390668869,1.5014808177948,0.913462042808533,0.659404277801514,0.284667521715164,0.383211880922318,-0.111707210540771,7.42620706558228,"Western Europe",7.31452417373657,10.7501611709595,46637.54296875,72.7452697753906,0.919106185436249,0.928836584091187,0.580782294273376,0.0113166626542807,0.239266380667686
"137","Switzerland",7.17692375183105,7.6263370513916,7.48729991912842,2.31952857971191,1.41972708702087,1.54899823665619,0.927075922489166,0.659779489040375,0.255525141954422,0.356677263975143,-0.0372090339660645,7.52450895309448,"Western Europe",7.48731184005737,10.9566335678101,57333.109375,73.1737594604492,0.938522934913635,0.929152190685272,0.549966752529144,0.0121996235102415,0.28824770450592
"138","Syria",3.51627826690674,4.1247181892395,3.46189999580383,1.24414348602295,0.688779056072235,0.381640702486038,0.53884881734848,0.0882771387696266,0.375908672809601,0.1443150639534,-1.40069508552551,4.86259508132935,"Middle East and North Africa",3.4619128704071,NA,NA,60.9545135498047,0.461512833833694,0.448427855968475,0.275650411844254,0.016763599589467,0.680255591869354
"139","Taiwan Province of China",6.01245021820068,6.26144647598267,6.44059991836548,2.13612651824951,1.36505270004272,1.43596792221069,0.85737544298172,0.417558610439301,0.150619149208069,0.0778594985604286,0.553637504577637,5.88696241378784,"East Asia",6.44055986404419,NA,NA,70.9799728393555,0.892336070537567,0.725405931472778,0.371283710002899,0.0105228694155812,0.802928566932678
"140","Tajikistan",4.95461845397949,4.83010864257812,5.35249996185303,2.24843335151672,0.474139273166656,1.17897534370422,0.597869098186493,0.503496766090393,0.214078605175018,0.135537102818489,0.677334785461426,4.6751651763916,"Commonwealth of Independent States",5.35252952575684,7.91971158981323,2750.9775390625,62.8121452331543,0.787322759628296,0.797693610191345,0.250162154436111,0.00901211705058813,0.696459174156189
"141","Tanzania",NA,NA,3.3034999370575,0.628085136413574,0.454863578081131,0.99113404750824,0.381296992301941,0.48092457652092,0.270036578178406,0.0971952825784683,-0.365739583969116,3.66923952102661,"Sub-Saharan Africa",3.30353617668152,7.85780429840088,2585.83642578125,55.9956512451172,0.710566341876984,0.778706789016724,0.333040565252304,0.0102585721760988,0.7672358751297
"142","Thailand",NA,NA,6.07229995727539,1.9023003578186,1.01596796512604,1.41725397109985,0.706718862056732,0.637334287166595,0.363567680120468,0.0291445832699537,0.299682140350342,5.77261781692505,"Southeast Asia",6.07228755950928,9.65989017486572,15676.0625,66.2381362915039,0.884689092636108,0.910272240638733,0.617245137691498,0.0107256276533008,0.892853379249573
"143","Togo",3.56960368156433,3.41880774497986,3.99850010871887,2.31896138191223,0.259359329938889,0.474270701408386,0.252903401851654,0.434124290943146,0.158204942941666,0.100676745176315,1.19064569473267,2.80785441398621,"Sub-Saharan Africa",3.99850082397461,7.22990798950195,1380.09545898438,51.9545288085938,0.499363660812378,0.739340305328369,0.10930248349905,0.00721915485337377,0.760809302330017
"144","Trinidad and Tobago",NA,NA,6.19189977645874,2.14845275878906,1.22270572185516,1.49215185642242,0.563751518726349,0.575080752372742,0.171069845557213,0.0186473671346903,-0.504584312438965,6.69648408889771,"Latin America and Caribbean",6.19185972213745,10.3238649368286,30450.720703125,61.7383117675781,0.915294170379639,0.857907116413116,0.371881812810898,0.0266518462449312,0.912230610847473
"145","Tunisia",NA,NA,4.59240007400513,1.72241497039795,0.899739861488342,0.906432449817657,0.690319120883942,0.270507365465164,0.0402079038321972,0.0627439692616463,-0.503992557525635,5.09639263153076,"Middle East and North Africa",4.59236574172974,9.28660297393799,10792.4599609375,65.7219619750977,0.675955235958099,0.601712465286255,0.0859778746962547,0.00551229016855359,0.830830931663513
"146","Turkey",5.48777341842651,5.32308292388916,5.48250007629395,1.72944021224976,1.14833748340607,1.38044583797455,0.685619711875916,0.324275553226471,0.105601727962494,0.108782045543194,0.208359718322754,5.27414035797119,"Middle East and North Africa",5.48250246047974,10.085018157959,23981.025390625,65.5740509033203,0.869648396968842,0.646940052509308,0.25163146853447,0.00952781923115253,0.745847404003143
"147","Turkmenistan",5.54694795608521,5.74104499816895,5.63619995117188,1.91806077957153,1.01558554172516,1.53282928466797,0.516750037670135,0.41660150885582,0.199084967374802,0.0373101681470871,-0.931490898132324,6.5676908493042,"Commonwealth of Independent States",5.63622236251831,9.65866184234619,15656.8193359375,60.2589645385742,0.931915938854218,0.724600851535797,0.361354798078537,0.0100371418520808,NA
"148","Uganda",4.19121026992798,4.25020503997803,4.16079998016357,1.74216198921204,0.321773260831833,1.09010863304138,0.236990958452225,0.449713230133057,0.25942125916481,0.0606043636798859,-0.297055244445801,4.45785522460938,"Sub-Saharan Africa",4.16077375411987,7.43036127090454,1686.41674804688,51.4536933898926,0.751009702682495,0.752453088760376,0.284946441650391,0.00992819759994745,0.834780514240265
"149","Ukraine",4.54611587524414,4.75655841827393,4.10290002822876,0.926899194717407,0.792998015880585,1.41276490688324,0.60926342010498,0.162574142217636,0.186958491802216,0.0114408154040575,-1.03018236160278,5.13308238983154,"Commonwealth of Independent States",4.10289907455444,8.94378280639648,7660.119140625,63.1707763671875,0.882854759693146,0.510923445224762,0.290620297193527,0.0100621618330479,0.925533473491669
"150","United Arab Emirates",6.68544578552246,7.18371105194092,6.77409982681274,2.09586048126221,1.46712458133698,1.29555630683899,0.776146173477173,0.669837713241577,0.283917754888535,0.18562638759613,-0.208324909210205,6.98242473602295,"Middle East and North Africa",6.77406930923462,11.1088590621948,66759.9765625,68.4233245849609,0.834960520267487,0.937612771987915,0.606992125511169,0.00847404077649117,NA
"151","United Kingdom",6.67746686935425,6.91271686553955,6.81430006027222,1.91200637817383,1.30131042003632,1.55873262882233,0.883212029933929,0.532672703266144,0.35432556271553,0.272071450948715,-0.159844875335693,6.97414493560791,"Western Europe",6.8143310546875,10.5763177871704,39195.5234375,71.7931671142578,0.942500650882721,0.82223516702652,0.674260973930359,0.0101744038984179,0.44442492723465
"152","United States",6.87804365158081,7.15954065322876,6.88600015640259,2.22715139389038,1.39804303646088,1.470543384552,0.818961679935455,0.547317564487457,0.290589094161987,0.133433982729912,-0.314675331115723,7.20067548751831,"North America and ANZ",6.88604021072388,10.8869915008545,53476.17578125,69.7709197998047,0.906464397907257,0.834553837776184,0.594430208206177,0.0121655454859138,0.700341403484344
"153","Uruguay",6.37417936325073,6.2569408416748,6.37879991531372,2.14697742462158,1.0926628112793,1.45879244804382,0.770585298538208,0.624857485294342,0.129616439342499,0.155334457755089,0.374052047729492,6.00474786758423,"Latin America and Caribbean",6.37882614135742,9.90620899200439,20054.501953125,68.2482986450195,0.901662707328796,0.899777233600616,0.271785646677017,0.009442706592381,0.659914433956146
"154","Uzbekistan",5.59971952438354,5.7781548500061,6.09609985351562,1.87693691253662,0.71885073184967,1.58442652225494,0.604837954044342,0.724477112293243,0.327792227268219,0.258747041225433,0.873773097991943,5.22232675552368,"Commonwealth of Independent States",6.09606838226318,8.70564556121826,6036.89794921875,63.0314865112305,0.952999770641327,0.983573198318481,0.4888776242733,0.0110177714377642,0.469021022319794
"155","Venezuela",6.08592653274536,6.41177368164062,4.8056001663208,1.44236779212952,0.995664775371552,1.46941351890564,0.657052218914032,0.133104220032692,0.0563200712203979,0.0516317300498486,-2.16712665557861,6.97272682189941,"Latin America and Caribbean",4.80555438995361,9.59468269348145,14686.4814453125,64.6749038696289,0.906002700328827,0.486134558916092,0.136016473174095,0.00966992322355509,0.85134345293045
"156","Vietnam",NA,NA,5.10319995880127,1.44729614257812,0.714631497859955,1.36500608921051,0.701524972915649,0.618242502212524,0.177046120166779,0.0794989392161369,-0.25779390335083,5.3609938621521,"Southeast Asia",5.10324621200562,8.69209480285645,5955.64501953125,66.0746612548828,0.863339364528656,0.894213020801544,0.251378029584885,0.0109392357990146,0.799902260303497
"157","Yemen",4.58380508422852,4.00865459442139,3.35489988327026,1.10647392272949,0.441527247428894,1.07261276245117,0.343216300010681,0.24387027323246,0.0830916911363602,0.0641455948352814,-1.22377753257751,4.57867741584778,"Middle East and North Africa",3.35493779182434,7.81497240066528,2477.41845703125,54.7970809936523,0.743860483169556,0.579306423664093,0.0337171033024788,0.00355212413705885,0.828243613243103
"158","Zambia",5.28592157363892,4.74168348312378,4.37709999084473,1.66689682006836,0.562391102313995,1.04740571975708,0.29451596736908,0.502600073814392,0.221372172236443,0.0819481685757637,-0.617166996002197,4.99426698684692,"Sub-Saharan Africa",4.37713003158569,8.20314788818359,3652.4296875,53.2642631530762,0.733560264110565,0.796939313411713,0.283819615840912,0.00999883003532887,0.795381128787994
"159","Zimbabwe",4.41292667388916,4.1619234085083,3.69230008125305,1.35591244697571,0.357282936573029,1.09431481361389,0.247891172766685,0.405982255935669,0.131962507963181,0.0989395976066589,-0.278287649154663,3.97058773040771,"Sub-Saharan Africa",3.69228577613831,7.54440689086914,1890.14135742188,51.7967720031738,0.752728462219238,0.715668380260468,0.0946430116891861,0.00634131627157331,0.764015972614288
